2014-01-01 01:00:00,-6.77
2014-01-01 04:00:00,-7.57
2014-01-01 07:00:00,-8.10
2014-01-01 10:00:00,-8.42
2014-01-01 13:00:00,-8.36
2014-01-01 16:00:00,-7.95
2014-01-01 19:00:00,-6.67
2014-01-01 22:00:00,-6.45
2014-01-02 01:00:00,-6.57
2014-01-02 04:00:00,-6.06
2014-01-02 07:00:00,-6.86
2014-01-02 10:00:00,-7.80
2014-01-02 13:00:00,-6.84
2014-01-02 16:00:00,-5.54
2014-01-02 19:00:00,-5.19
2014-01-02 22:00:00,-4.91
2014-01-03 01:00:00,-4.38
2014-01-03 04:00:00,-4.23
2014-01-03 07:00:00,-4.33
2014-01-03 10:00:00,-4.28
2014-01-03 13:00:00,-4.28
2014-01-03 16:00:00,-3.94
2014-01-03 19:00:00,-4.60
2014-01-03 22:00:00,-5.02
2014-01-04 01:00:00,-4.86
2014-01-04 04:00:00,-5.09
2014-01-04 07:00:00,-5.21
2014-01-04 10:00:00,-5.24
2014-01-04 13:00:00,-4.84
2014-01-04 16:00:00,-5.72
2014-01-04 19:00:00,-5.11
2014-01-04 22:00:00,-4.54
2014-01-05 01:00:00,-5.21
2014-01-05 04:00:00,-7.28
2014-01-05 07:00:00,-7.05
2014-01-05 10:00:00,-8.99
2014-01-05 13:00:00,-6.42
2014-01-05 16:00:00,-2.93
2014-01-05 19:00:00,-5.12
2014-01-05 22:00:00,-7.53
2014-01-06 01:00:00,-3.57
2014-01-06 04:00:00,-3.47
2014-01-06 07:00:00,-4.11
2014-01-06 10:00:00,2.11
2014-01-06 13:00:00,-3.68
2014-01-06 16:00:00,-3.01
2014-01-06 19:00:00,-3.17
2014-01-06 22:00:00,-5.93
2014-01-07 01:00:00,-7.56
2014-01-07 04:00:00,-7.61
2014-01-07 07:00:00,-7.07
2014-01-07 10:00:00,-6.99
2014-01-07 13:00:00,-6.76
2014-01-07 16:00:00,-6.15
2014-01-07 19:00:00,-6.09
2014-01-07 22:00:00,-6.97
2014-01-08 01:00:00,-7.48
2014-01-08 04:00:00,-7.18
2014-01-08 07:00:00,-6.28
2014-01-08 10:00:00,-6.33
2014-01-08 13:00:00,-5.97
2014-01-08 16:00:00,-7.77
2014-01-08 19:00:00,-8.17
2014-01-08 22:00:00,-8.64
2014-01-09 01:00:00,-9.31
2014-01-09 04:00:00,-9.96
2014-01-09 07:00:00,-11.63
2014-01-09 10:00:00,-12.53
2014-01-09 13:00:00,-14.54
2014-01-09 16:00:00,-14.17
2014-01-09 19:00:00,-15.97
2014-01-09 22:00:00,-16.35
2014-01-10 01:00:00,-17.54
2014-01-10 04:00:00,-16.15
2014-01-10 07:00:00,-16.19
2014-01-10 10:00:00,-17.09
2014-01-10 13:00:00,-16.90
2014-01-10 16:00:00,-16.48
2014-01-10 19:00:00,-16.54
2014-01-10 22:00:00,-16.64
2014-01-11 01:00:00,-16.34
2014-01-11 04:00:00,-16.58
2014-01-11 07:00:00,-16.42
2014-01-11 10:00:00,-15.69
2014-01-11 13:00:00,-15.94
2014-01-11 16:00:00,-16.24
2014-01-11 19:00:00,-17.54
2014-01-11 22:00:00,-17.16
2014-01-12 01:00:00,-14.56
2014-01-12 04:00:00,-13.66
2014-01-12 07:00:00,-13.98
2014-01-12 10:00:00,-14.23
2014-01-12 13:00:00,-13.61
2014-01-12 16:00:00,-13.34
2014-01-12 19:00:00,-13.76
2014-01-12 22:00:00,-11.86
2014-01-13 01:00:00,-12.19
2014-01-13 04:00:00,-10.84
2014-01-13 07:00:00,-8.64
2014-01-13 10:00:00,-12.14
2014-01-13 13:00:00,-14.64
2014-01-13 16:00:00,-14.64
2014-01-13 19:00:00,-17.77
2014-01-13 22:00:00,-17.32
2014-01-14 01:00:00,-19.00
2014-01-14 04:00:00,-14.59
2014-01-14 07:00:00,-14.98
2014-01-14 10:00:00,-13.86
2014-01-14 13:00:00,-12.28
2014-01-14 16:00:00,-10.07
2014-01-14 19:00:00,-10.31
2014-01-14 22:00:00,-15.69
2014-01-15 01:00:00,-18.83
2014-01-15 04:00:00,-14.86
2014-01-15 07:00:00,-12.80
2014-01-15 10:00:00,-12.11
2014-01-15 13:00:00,-12.16
2014-01-15 16:00:00,-16.11
2014-01-15 19:00:00,-13.13
2014-01-15 22:00:00,-17.32
2014-01-16 01:00:00,-15.01
2014-01-16 04:00:00,-15.27
2014-01-16 07:00:00,-18.13
2014-01-16 10:00:00,-14.27
2014-01-16 13:00:00,-20.58
2014-01-16 16:00:00,-19.36
2014-01-16 19:00:00,-20.04
2014-01-16 22:00:00,-15.88
2014-01-17 01:00:00,-17.53
2014-01-17 04:00:00,-19.04
2014-01-17 07:00:00,-15.88
2014-01-17 10:00:00,-15.43
2014-01-17 13:00:00,-16.52
2014-01-17 16:00:00,-13.77
2014-01-17 19:00:00,-16.32
2014-01-17 22:00:00,-16.90
2014-01-18 01:00:00,-16.82
2014-01-18 04:00:00,-14.69
2014-01-18 07:00:00,-14.46
2014-01-18 10:00:00,-15.83
2014-01-18 13:00:00,-14.14
2014-01-18 16:00:00,-12.91
2014-01-18 19:00:00,-15.54
2014-01-18 22:00:00,-14.44
2014-01-19 01:00:00,-10.38
2014-01-19 04:00:00,-10.82
2014-01-19 07:00:00,-11.55
2014-01-19 10:00:00,-13.62
2014-01-19 13:00:00,-9.73
2014-01-19 16:00:00,-8.59
2014-01-19 19:00:00,-4.76
2014-01-19 22:00:00,-9.91
2014-01-20 01:00:00,-8.69
2014-01-20 04:00:00,-10.13
2014-01-20 07:00:00,-12.64
2014-01-20 10:00:00,-12.88
2014-01-20 13:00:00,-12.27
2014-01-20 16:00:00,-14.65
2014-01-20 19:00:00,-14.42
2014-01-20 22:00:00,-13.52
2014-01-21 01:00:00,-13.21
2014-01-21 04:00:00,-16.27
2014-01-21 07:00:00,-12.24
2014-01-21 10:00:00,-12.42
2014-01-21 13:00:00,-10.82
2014-01-21 16:00:00,-11.46
2014-01-21 19:00:00,-12.79
2014-01-21 22:00:00,-11.29
2014-01-22 01:00:00,-11.29
2014-01-22 04:00:00,-7.92
2014-01-22 07:00:00,-6.27
2014-01-22 10:00:00,-5.61
2014-01-22 13:00:00,-12.05
2014-01-22 16:00:00,-9.22
2014-01-22 19:00:00,-7.51
2014-01-22 22:00:00,-12.19
2014-01-23 01:00:00,-11.00
2014-01-23 04:00:00,-8.27
2014-01-23 07:00:00,-6.69
2014-01-23 10:00:00,-9.67
2014-01-23 13:00:00,-4.93
2014-01-23 16:00:00,-4.40
2014-01-23 19:00:00,-5.30
2014-01-23 22:00:00,-4.21
2014-01-24 01:00:00,-2.46
2014-01-24 04:00:00,-0.41
2014-01-24 07:00:00,-2.40
2014-01-24 10:00:00,-6.51
2014-01-24 13:00:00,-8.15
2014-01-24 16:00:00,-6.19
2014-01-24 19:00:00,-0.09
2014-01-24 22:00:00,-8.01
2014-01-25 01:00:00,-8.00
2014-01-25 04:00:00,-3.92
2014-01-25 07:00:00,-7.85
2014-01-25 10:00:00,-9.45
2014-01-25 13:00:00,-7.06
2014-01-25 16:00:00,-6.87
2014-01-25 19:00:00,-8.17
2014-01-25 22:00:00,-9.88
2014-01-26 01:00:00,-9.06
2014-01-26 04:00:00,-8.95
2014-01-26 07:00:00,-7.87
2014-01-26 10:00:00,-8.10
2014-01-26 13:00:00,-7.66
2014-01-26 16:00:00,-12.45
2014-01-26 19:00:00,-12.08
2014-01-26 22:00:00,-15.53
2014-01-27 01:00:00,-16.43
2014-01-27 04:00:00,-14.15
2014-01-27 07:00:00,-10.57
2014-01-27 10:00:00,-7.75
2014-01-27 13:00:00,-9.95
2014-01-27 16:00:00,-15.42
2014-01-27 19:00:00,-17.62
2014-01-27 22:00:00,-16.15
2014-01-28 01:00:00,-17.52
2014-01-28 04:00:00,-15.16
2014-01-28 07:00:00,-11.49
2014-01-28 10:00:00,-14.33
2014-01-28 13:00:00,-10.93
2014-01-28 16:00:00,-9.99
2014-01-28 19:00:00,-13.42
2014-01-28 22:00:00,-11.39
2014-01-29 01:00:00,-12.68
2014-01-29 04:00:00,-7.16
2014-01-29 07:00:00,-5.04
2014-01-29 10:00:00,-2.64
2014-01-29 13:00:00,-4.65
2014-01-29 16:00:00,-2.39
2014-01-29 19:00:00,-2.21
2014-01-29 22:00:00,-7.30
2014-01-30 01:00:00,-2.62
2014-01-30 04:00:00,-5.22
2014-01-30 07:00:00,-3.46
2014-01-30 10:00:00,-8.55
2014-01-30 13:00:00,-12.52
2014-01-30 16:00:00,-9.37
2014-01-30 19:00:00,-8.11
2014-01-30 22:00:00,-13.80
2014-01-31 01:00:00,-14.76
2014-01-31 04:00:00,-13.76
2014-01-31 07:00:00,-12.58
2014-01-31 10:00:00,-10.46
2014-01-31 13:00:00,-10.92
2014-01-31 16:00:00,-12.85
2014-01-31 19:00:00,-13.38
2014-01-31 22:00:00,-12.22
2014-02-01 01:00:00,-17.60
2014-02-01 04:00:00,-15.25
2014-02-01 07:00:00,-10.98
2014-02-01 10:00:00,-12.97
2014-02-01 13:00:00,-14.97
2014-02-01 16:00:00,-13.45
2014-02-01 19:00:00,-15.00
2014-02-01 22:00:00,-17.05
2014-02-02 01:00:00,-17.35
2014-02-02 04:00:00,-16.61
2014-02-02 07:00:00,-9.18
2014-02-02 10:00:00,-11.15
2014-02-02 13:00:00,-10.99
2014-02-02 16:00:00,-12.88
2014-02-02 19:00:00,-15.99
2014-02-02 22:00:00,-10.83
2014-02-03 01:00:00,-10.93
2014-02-03 04:00:00,-11.44
2014-02-03 07:00:00,-9.08
2014-02-03 10:00:00,-8.32
2014-02-03 13:00:00,-0.45
2014-02-03 16:00:00,-1.11
2014-02-03 19:00:00,-0.88
2014-02-03 22:00:00,-0.42
2014-02-04 01:00:00,0.00
2014-02-04 04:00:00,0.54
2014-02-04 07:00:00,0.50
2014-02-04 10:00:00,-0.71
2014-02-04 13:00:00,-0.93
2014-02-04 16:00:00,-5.06
2014-02-04 19:00:00,-4.60
2014-02-04 22:00:00,-4.75
2014-02-05 01:00:00,-3.91
2014-02-05 04:00:00,-4.81
2014-02-05 07:00:00,-6.40
2014-02-05 10:00:00,-9.79
2014-02-05 13:00:00,-9.43
2014-02-05 16:00:00,-4.00
2014-02-05 19:00:00,-8.65
2014-02-05 22:00:00,-9.84
2014-02-06 01:00:00,-8.63
2014-02-06 04:00:00,-11.03
2014-02-06 07:00:00,-11.94
2014-02-06 10:00:00,-10.59
2014-02-06 13:00:00,-8.05
2014-02-06 16:00:00,-8.52
2014-02-06 19:00:00,-7.84
2014-02-06 22:00:00,-8.76
2014-02-07 01:00:00,-9.22
2014-02-07 04:00:00,-8.90
2014-02-07 07:00:00,-8.11
2014-02-07 10:00:00,-8.84
2014-02-07 13:00:00,-8.71
2014-02-07 16:00:00,-8.99
2014-02-07 19:00:00,-8.76
2014-02-07 22:00:00,-9.71
2014-02-08 01:00:00,-8.98
2014-02-08 04:00:00,-7.30
2014-02-08 07:00:00,-7.51
2014-02-08 10:00:00,-6.90
2014-02-08 13:00:00,-6.53
2014-02-08 16:00:00,-9.61
2014-02-08 19:00:00,-8.34
2014-02-08 22:00:00,-7.29
2014-02-09 01:00:00,-7.03
2014-02-09 04:00:00,-7.08
2014-02-09 07:00:00,-5.64
2014-02-09 10:00:00,-5.85
2014-02-09 13:00:00,-5.27
2014-02-09 16:00:00,-5.30
2014-02-09 19:00:00,-5.68
2014-02-09 22:00:00,-4.81
2014-02-10 01:00:00,-4.65
2014-02-10 04:00:00,-4.99
2014-02-10 07:00:00,-4.97
2014-02-10 10:00:00,-4.33
2014-02-10 13:00:00,-4.56
2014-02-10 16:00:00,-4.41
2014-02-10 19:00:00,-4.58
2014-02-10 22:00:00,-4.26
2014-02-11 01:00:00,-4.23
2014-02-11 04:00:00,-4.31
2014-02-11 07:00:00,-4.25
2014-02-11 10:00:00,-4.00
2014-02-11 13:00:00,-4.56
2014-02-11 16:00:00,-5.45
2014-02-11 19:00:00,-6.15
2014-02-11 22:00:00,-6.41
2014-02-12 01:00:00,-6.90
2014-02-12 04:00:00,-6.86
2014-02-12 07:00:00,-7.02
2014-02-12 10:00:00,-7.65
2014-02-12 13:00:00,-10.86
2014-02-12 16:00:00,-11.44
2014-02-12 19:00:00,-12.16
2014-02-12 22:00:00,-11.90
2014-02-13 01:00:00,-10.48
2014-02-13 04:00:00,-8.82
2014-02-13 07:00:00,-7.72
2014-02-13 10:00:00,-7.28
2014-02-13 13:00:00,-7.53
2014-02-13 16:00:00,-8.15
2014-02-13 19:00:00,-8.21
2014-02-13 22:00:00,-8.39
2014-02-14 01:00:00,-8.35
2014-02-14 04:00:00,-7.31
2014-02-14 07:00:00,-7.20
2014-02-14 10:00:00,-6.86
2014-02-14 13:00:00,-6.72
2014-02-14 16:00:00,-6.47
2014-02-14 19:00:00,-6.19
2014-02-14 22:00:00,-6.03
2014-02-15 01:00:00,-5.83
2014-02-15 04:00:00,-6.57
2014-02-15 07:00:00,-5.94
2014-02-15 10:00:00,-5.65
2014-02-15 13:00:00,-5.40
2014-02-15 16:00:00,-5.36
2014-02-15 19:00:00,-6.01
2014-02-15 22:00:00,-7.37
2014-02-16 01:00:00,-7.99
2014-02-16 04:00:00,-8.59
2014-02-16 07:00:00,-8.82
2014-02-16 10:00:00,-8.14
2014-02-16 13:00:00,-7.20
2014-02-16 16:00:00,-7.88
2014-02-16 19:00:00,-7.36
2014-02-16 22:00:00,-6.09
2014-02-17 01:00:00,-5.39
2014-02-17 04:00:00,-5.01
2014-02-17 07:00:00,-5.36
2014-02-17 10:00:00,-5.40
2014-02-17 13:00:00,-4.02
2014-02-17 16:00:00,-5.76
2014-02-17 19:00:00,-7.59
2014-02-17 22:00:00,-8.27
2014-02-18 01:00:00,-6.80
2014-02-18 04:00:00,-7.56
2014-02-18 07:00:00,-6.96
2014-02-18 10:00:00,-6.17
2014-02-18 13:00:00,-1.66
2014-02-18 16:00:00,-6.24
2014-02-18 19:00:00,-7.97
2014-02-18 22:00:00,-8.11
2014-02-19 01:00:00,-7.51
2014-02-19 04:00:00,-10.88
2014-02-19 07:00:00,-8.78
2014-02-19 10:00:00,-10.87
2014-02-19 13:00:00,-10.39
2014-02-19 16:00:00,-13.27
2014-02-19 19:00:00,-13.48
2014-02-19 22:00:00,-13.23
2014-02-20 01:00:00,-13.33
2014-02-20 04:00:00,-14.11
2014-02-20 07:00:00,-17.69
2014-02-20 10:00:00,-15.80
2014-02-20 13:00:00,-15.95
2014-02-20 16:00:00,-16.87
2014-02-20 19:00:00,-15.63
2014-02-20 22:00:00,-16.75
2014-02-21 01:00:00,-14.52
2014-02-21 04:00:00,-13.61
2014-02-21 07:00:00,-14.33
2014-02-21 10:00:00,-16.62
2014-02-21 13:00:00,-13.52
2014-02-21 16:00:00,-13.97
2014-02-21 19:00:00,-13.00
2014-02-21 22:00:00,-12.93
2014-02-22 01:00:00,-12.67
2014-02-22 04:00:00,-12.21
2014-02-22 07:00:00,-14.32
2014-02-22 10:00:00,-12.21
2014-02-22 13:00:00,-5.03
2014-02-22 16:00:00,-3.65
2014-02-22 19:00:00,-8.81
2014-02-22 22:00:00,-9.02
2014-02-23 01:00:00,-7.38
2014-02-23 04:00:00,-8.88
2014-02-23 07:00:00,-6.62
2014-02-23 10:00:00,-7.09
2014-02-23 13:00:00,-2.15
2014-02-23 16:00:00,-3.36
2014-02-23 19:00:00,-5.27
2014-02-23 22:00:00,-6.94
2014-02-24 01:00:00,-2.53
2014-02-24 04:00:00,1.17
2014-02-24 07:00:00,0.35
2014-02-24 10:00:00,0.80
2014-02-24 13:00:00,0.94
2014-02-24 16:00:00,0.10
2014-02-24 19:00:00,0.64
2014-02-24 22:00:00,1.20
2014-02-25 01:00:00,1.21
2014-02-25 04:00:00,0.90
2014-02-25 07:00:00,0.28
2014-02-25 10:00:00,0.41
2014-02-25 13:00:00,-2.03
2014-02-25 16:00:00,-2.06
2014-02-25 19:00:00,-3.20
2014-02-25 22:00:00,-5.00
2014-02-26 01:00:00,-5.58
2014-02-26 04:00:00,-8.91
2014-02-26 07:00:00,-5.33
2014-02-26 10:00:00,-2.58
2014-02-26 13:00:00,-4.07
2014-02-26 16:00:00,-5.24
2014-02-26 19:00:00,-5.54
2014-02-26 22:00:00,-6.11
2014-02-27 01:00:00,-6.07
2014-02-27 04:00:00,-6.49
2014-02-27 07:00:00,-6.44
2014-02-27 10:00:00,-6.41
2014-02-27 13:00:00,-4.50
2014-02-27 16:00:00,-5.40
2014-02-27 19:00:00,-5.60
2014-02-27 22:00:00,-5.78
2014-02-28 01:00:00,-7.29
2014-02-28 04:00:00,-6.83
2014-02-28 07:00:00,-5.09
2014-02-28 10:00:00,-5.89
2014-02-28 13:00:00,-4.03
2014-02-28 16:00:00,-7.37
2014-02-28 19:00:00,-6.98
2014-02-28 22:00:00,-9.40
2014-03-01 01:00:00,-10.62
2014-03-01 04:00:00,-5.24
2014-03-01 07:00:00,-7.10
2014-03-01 10:00:00,-7.07
2014-03-01 13:00:00,-6.37
2014-03-01 16:00:00,-6.80
2014-03-01 19:00:00,-5.22
2014-03-01 22:00:00,-5.98
2014-03-02 01:00:00,-6.29
2014-03-02 04:00:00,-6.78
2014-03-02 07:00:00,-7.11
2014-03-02 10:00:00,-7.18
2014-03-02 13:00:00,-6.73
2014-03-02 16:00:00,-7.08
2014-03-02 19:00:00,-6.63
2014-03-02 22:00:00,-7.27
2014-03-03 01:00:00,-7.70
2014-03-03 04:00:00,-8.16
2014-03-03 07:00:00,-10.01
2014-03-03 10:00:00,-10.48
2014-03-03 13:00:00,-11.42
2014-03-03 16:00:00,-11.44
2014-03-03 19:00:00,-11.99
2014-03-03 22:00:00,-14.78
2014-03-04 01:00:00,-10.69
2014-03-04 04:00:00,-8.48
2014-03-04 07:00:00,-8.53
2014-03-04 10:00:00,-8.94
2014-03-04 13:00:00,-8.52
2014-03-04 16:00:00,-13.37
2014-03-04 19:00:00,-15.11
2014-03-04 22:00:00,-8.86
2014-03-05 01:00:00,-7.39
2014-03-05 04:00:00,-6.71
2014-03-05 07:00:00,-7.24
2014-03-05 10:00:00,-5.59
2014-03-05 13:00:00,-4.75
2014-03-05 16:00:00,-6.18
2014-03-05 19:00:00,-2.83
2014-03-05 22:00:00,-1.11
2014-03-06 01:00:00,-4.52
2014-03-06 04:00:00,-4.50
2014-03-06 07:00:00,-4.99
2014-03-06 10:00:00,-4.40
2014-03-06 13:00:00,-2.03
2014-03-06 16:00:00,-3.61
2014-03-06 19:00:00,-2.31
2014-03-06 22:00:00,-2.71
2014-03-07 01:00:00,-3.43
2014-03-07 04:00:00,-3.33
2014-03-07 07:00:00,-3.57
2014-03-07 10:00:00,-3.57
2014-03-07 13:00:00,-1.72
2014-03-07 16:00:00,-3.70
2014-03-07 19:00:00,-4.86
2014-03-07 22:00:00,-3.06
2014-03-08 01:00:00,-2.82
2014-03-08 04:00:00,-1.96
2014-03-08 07:00:00,-3.77
2014-03-08 10:00:00,-5.04
2014-03-08 13:00:00,-4.72
2014-03-08 16:00:00,-4.34
2014-03-08 19:00:00,-4.19
2014-03-08 22:00:00,-5.01
2014-03-09 01:00:00,-4.73
2014-03-09 04:00:00,-5.17
2014-03-09 07:00:00,-6.94
2014-03-09 10:00:00,-1.36
2014-03-09 13:00:00,-0.66
2014-03-09 16:00:00,-1.08
2014-03-09 19:00:00,-1.39
2014-03-09 22:00:00,-1.60
2014-03-10 01:00:00,-2.11
2014-03-10 04:00:00,-3.04
2014-03-10 07:00:00,-3.19
2014-03-10 10:00:00,-3.68
2014-03-10 13:00:00,-2.59
2014-03-10 16:00:00,-1.40
2014-03-10 19:00:00,-0.85
2014-03-10 22:00:00,-2.45
2014-03-11 01:00:00,-3.01
2014-03-11 04:00:00,-3.93
2014-03-11 07:00:00,-5.06
2014-03-11 10:00:00,-5.11
2014-03-11 13:00:00,-4.71
2014-03-11 16:00:00,-2.51
2014-03-11 19:00:00,-0.98
2014-03-11 22:00:00,-0.36
2014-03-12 01:00:00,-1.73
2014-03-12 04:00:00,-2.70
2014-03-12 07:00:00,-2.07
2014-03-12 10:00:00,-2.23
2014-03-12 13:00:00,-2.45
2014-03-12 16:00:00,-2.35
2014-03-12 19:00:00,-2.27
2014-03-12 22:00:00,-2.11
2014-03-13 01:00:00,-4.83
2014-03-13 04:00:00,-5.41
2014-03-13 07:00:00,-5.15
2014-03-13 10:00:00,-0.12
2014-03-13 13:00:00,1.71
2014-03-13 16:00:00,0.17
2014-03-13 19:00:00,-2.68
2014-03-13 22:00:00,-5.02
2014-03-14 01:00:00,-5.71
2014-03-14 04:00:00,-4.63
2014-03-14 07:00:00,-4.73
2014-03-14 10:00:00,-4.91
2014-03-14 13:00:00,-5.31
2014-03-14 16:00:00,-6.14
2014-03-14 19:00:00,-6.47
2014-03-14 22:00:00,-6.38
2014-03-15 01:00:00,-6.59
2014-03-15 04:00:00,-7.28
2014-03-15 07:00:00,-8.24
2014-03-15 10:00:00,-8.78
2014-03-15 13:00:00,-8.31
2014-03-15 16:00:00,-9.99
2014-03-15 19:00:00,-11.20
2014-03-15 22:00:00,-12.80
2014-03-16 01:00:00,-13.41
2014-03-16 04:00:00,-15.92
2014-03-16 07:00:00,-11.67
2014-03-16 10:00:00,-11.23
2014-03-16 13:00:00,-14.63
2014-03-16 16:00:00,-16.16
2014-03-16 19:00:00,-17.50
2014-03-16 22:00:00,-14.14
2014-03-17 01:00:00,-17.32
2014-03-17 04:00:00,-18.97
2014-03-17 07:00:00,-18.52
2014-03-17 10:00:00,-14.91
2014-03-17 13:00:00,-16.26
2014-03-17 16:00:00,-18.58
2014-03-17 19:00:00,-17.83
2014-03-17 22:00:00,-18.06
2014-03-18 01:00:00,-17.74
2014-03-18 04:00:00,-19.41
2014-03-18 07:00:00,-18.47
2014-03-18 10:00:00,-13.57
2014-03-18 13:00:00,-15.36
2014-03-18 16:00:00,-18.10
2014-03-18 19:00:00,-17.52
2014-03-18 22:00:00,-18.49
2014-03-19 01:00:00,-16.15
2014-03-19 04:00:00,-16.75
2014-03-19 07:00:00,-15.88
2014-03-19 10:00:00,-14.02
2014-03-19 13:00:00,-12.46
2014-03-19 16:00:00,-14.62
2014-03-19 19:00:00,-14.27
2014-03-19 22:00:00,-15.43
2014-03-20 01:00:00,-14.31
2014-03-20 04:00:00,-17.81
2014-03-20 07:00:00,-17.81
2014-03-20 10:00:00,-12.26
2014-03-20 13:00:00,-15.42
2014-03-20 16:00:00,-15.32
2014-03-20 19:00:00,-15.81
2014-03-20 22:00:00,-15.14
2014-03-21 01:00:00,-14.83
2014-03-21 04:00:00,-14.35
2014-03-21 07:00:00,-15.08
2014-03-21 10:00:00,-11.87
2014-03-21 13:00:00,-11.43
2014-03-21 16:00:00,-12.25
2014-03-21 19:00:00,-13.96
2014-03-21 22:00:00,-12.54
2014-03-22 01:00:00,-13.96
2014-03-22 04:00:00,-10.51
2014-03-22 07:00:00,-8.76
2014-03-22 10:00:00,-3.59
2014-03-22 13:00:00,-3.03
2014-03-22 16:00:00,-3.33
2014-03-22 19:00:00,-3.81
2014-03-22 22:00:00,-4.17
2014-03-23 01:00:00,-4.19
2014-03-23 04:00:00,-7.72
2014-03-23 07:00:00,-5.11
2014-03-23 10:00:00,-8.23
2014-03-23 13:00:00,-6.36
2014-03-23 16:00:00,-6.98
2014-03-23 19:00:00,-6.89
2014-03-23 22:00:00,-8.17
2014-03-24 01:00:00,-6.01
2014-03-24 04:00:00,-5.16
2014-03-24 07:00:00,-6.74
2014-03-24 10:00:00,-5.17
2014-03-24 13:00:00,-6.13
2014-03-24 16:00:00,-6.37
2014-03-24 19:00:00,-5.67
2014-03-24 22:00:00,-5.71
2014-03-25 01:00:00,-6.98
2014-03-25 04:00:00,-6.92
2014-03-25 07:00:00,-4.90
2014-03-25 10:00:00,-7.69
2014-03-25 13:00:00,-7.00
2014-03-25 16:00:00,-8.89
2014-03-25 19:00:00,-11.49
2014-03-25 22:00:00,-11.36
2014-03-26 01:00:00,-3.44
2014-03-26 04:00:00,-3.58
2014-03-26 07:00:00,-3.18
2014-03-26 10:00:00,-1.37
2014-03-26 13:00:00,-1.41
2014-03-26 16:00:00,-3.15
2014-03-26 19:00:00,-1.88
2014-03-26 22:00:00,-1.17
2014-03-27 01:00:00,-1.43
2014-03-27 04:00:00,-3.74
2014-03-27 07:00:00,-1.18
2014-03-27 10:00:00,-1.92
2014-03-27 13:00:00,-0.73
2014-03-27 16:00:00,-2.38
2014-03-27 19:00:00,-2.52
2014-03-27 22:00:00,-3.09
2014-03-28 01:00:00,-3.06
2014-03-28 04:00:00,-1.87
2014-03-28 07:00:00,0.13
2014-03-28 10:00:00,1.43
2014-03-28 13:00:00,2.22
2014-03-28 16:00:00,1.45
2014-03-28 19:00:00,1.79
2014-03-28 22:00:00,1.46
2014-03-29 01:00:00,-0.65
2014-03-29 04:00:00,-1.64
2014-03-29 07:00:00,-1.32
2014-03-29 10:00:00,-3.47
2014-03-29 13:00:00,-4.99
2014-03-29 16:00:00,-4.79
2014-03-29 19:00:00,-6.60
2014-03-29 22:00:00,-8.33
2014-03-30 01:00:00,-9.27
2014-03-30 04:00:00,-9.05
2014-03-30 07:00:00,-9.01
2014-04-09 13:00:00,-6.06
2014-04-09 16:00:00,-8.72
2014-04-09 19:00:00,-9.03
2014-04-09 22:00:00,-8.10
2014-04-10 01:00:00,-6.09
2014-04-10 04:00:00,-7.29
2014-04-10 07:00:00,-7.70
2014-04-10 10:00:00,-3.67
2014-04-10 13:00:00,-2.23
2014-04-10 16:00:00,-4.56
2014-04-10 19:00:00,-7.45
2014-04-10 22:00:00,-5.07
2014-04-11 01:00:00,-2.98
2014-04-11 04:00:00,-1.02
2014-04-11 07:00:00,-0.66
2014-04-11 10:00:00,-0.43
2014-04-11 13:00:00,-0.62
2014-04-11 16:00:00,-1.69
2014-04-11 19:00:00,-1.80
2014-04-11 22:00:00,-3.10
2014-04-12 01:00:00,-2.83
2014-04-12 04:00:00,-4.04
2014-04-12 07:00:00,-4.06
2014-04-12 10:00:00,-3.66
2014-04-12 13:00:00,-3.79
2014-04-12 16:00:00,-3.51
2014-04-12 19:00:00,-3.35
2014-04-12 22:00:00,-3.83
2014-04-13 01:00:00,-1.00
2014-04-13 04:00:00,-1.80
2014-04-13 07:00:00,-4.83
2014-04-13 10:00:00,-1.48
2014-04-13 13:00:00,0.82
2014-04-13 16:00:00,-4.40
2014-04-13 19:00:00,-4.45
2014-04-13 22:00:00,-4.62
2014-04-14 01:00:00,-7.84
2014-04-14 04:00:00,-5.31
2014-04-14 07:00:00,-3.84
2014-04-14 10:00:00,-0.30
2014-04-14 13:00:00,0.16
2014-04-14 16:00:00,-1.10
2014-04-14 19:00:00,-4.28
2014-04-14 22:00:00,-6.53
2014-04-15 01:00:00,-7.54
2014-04-15 04:00:00,-7.86
2014-04-15 07:00:00,-7.69
2014-04-15 10:00:00,-7.06
2014-04-15 13:00:00,-6.54
2014-04-15 16:00:00,-6.25
2014-04-15 19:00:00,-7.31
2014-04-15 22:00:00,-9.21
2014-04-16 01:00:00,-8.78
2014-04-16 04:00:00,-9.52
2014-04-16 07:00:00,-7.29
2014-04-16 10:00:00,-0.63
2014-04-16 13:00:00,0.55
2014-04-16 16:00:00,0.09
2014-04-16 19:00:00,0.06
2014-04-16 22:00:00,0.38
2014-04-17 01:00:00,-1.86
2014-04-17 04:00:00,-2.13
2014-04-17 07:00:00,-1.74
2014-04-17 10:00:00,-0.78
2014-04-17 13:00:00,-0.90
2014-04-17 16:00:00,-1.18
2014-04-17 19:00:00,-2.98
2014-04-17 22:00:00,-2.63
2014-04-18 01:00:00,-3.54
2014-04-18 04:00:00,-5.82
2014-04-18 07:00:00,-4.79
2014-04-18 10:00:00,-6.10
2014-04-18 13:00:00,-4.68
2014-04-18 16:00:00,-5.58
2014-04-18 19:00:00,-4.41
2014-04-18 22:00:00,-4.35
2014-04-19 01:00:00,-2.55
2014-04-19 04:00:00,-0.39
2014-04-19 07:00:00,1.00
2014-04-19 10:00:00,1.35
2014-04-19 13:00:00,0.79
2014-04-19 16:00:00,-1.42
2014-04-19 19:00:00,-2.79
2014-04-19 22:00:00,-4.15
2014-04-20 01:00:00,-4.10
2014-04-20 04:00:00,-4.72
2014-04-20 07:00:00,-4.89
2014-04-20 10:00:00,-3.74
2014-04-20 13:00:00,-1.57
2014-04-20 16:00:00,-3.68
2014-04-20 19:00:00,-6.24
2014-04-20 22:00:00,-3.57
2014-04-21 01:00:00,-3.72
2014-04-21 04:00:00,1.68
2014-04-21 07:00:00,1.29
2014-04-21 10:00:00,0.59
2014-04-21 13:00:00,1.30
2014-04-21 16:00:00,0.61
2014-04-21 19:00:00,-3.15
2014-04-21 22:00:00,-2.81
2014-04-22 01:00:00,-3.76
2014-04-22 04:00:00,-5.38
2014-04-22 07:00:00,-6.65
2014-04-22 10:00:00,-6.82
2014-04-22 13:00:00,-6.18
2014-04-22 16:00:00,-6.13
2014-04-22 19:00:00,-7.04
2014-04-22 22:00:00,-7.93
2014-04-23 01:00:00,-8.04
2014-04-23 04:00:00,-9.89
2014-04-23 07:00:00,-8.62
2014-04-23 10:00:00,-4.45
2014-04-23 13:00:00,-0.84
2014-04-23 16:00:00,-3.15
2014-04-23 19:00:00,-6.76
2014-04-23 22:00:00,0.98
2014-04-24 01:00:00,2.19
2014-04-24 04:00:00,0.85
2014-04-24 07:00:00,1.60
2014-04-24 10:00:00,2.49
2014-04-24 13:00:00,4.11
2014-04-24 16:00:00,4.42
2014-04-24 19:00:00,5.01
2014-04-24 22:00:00,0.96
2014-04-25 01:00:00,3.42
2014-04-25 04:00:00,4.93
2014-04-25 07:00:00,0.29
2014-04-25 10:00:00,2.20
2014-04-25 13:00:00,4.51
2014-04-25 16:00:00,1.91
2014-04-25 19:00:00,4.49
2014-04-25 22:00:00,4.34
2014-04-26 01:00:00,3.36
2014-04-26 04:00:00,3.40
2014-04-26 07:00:00,3.68
2014-04-26 10:00:00,3.57
2014-04-26 13:00:00,3.65
2014-04-26 16:00:00,3.81
2014-04-26 19:00:00,0.92
2014-04-26 22:00:00,0.27
2014-04-27 01:00:00,3.36
2014-04-27 04:00:00,2.40
2014-04-27 07:00:00,0.06
2014-04-27 10:00:00,0.49
2014-04-27 13:00:00,1.38
2014-04-27 16:00:00,0.89
2014-04-27 19:00:00,-0.15
2014-04-27 22:00:00,-0.86
2014-04-28 01:00:00,-1.02
2014-04-28 04:00:00,-1.86
2014-04-28 07:00:00,-1.73
2014-04-28 10:00:00,-1.20
2014-04-28 13:00:00,-1.08
2014-04-28 16:00:00,-1.12
2014-04-28 19:00:00,-2.46
2014-04-28 22:00:00,-5.35
2014-04-29 01:00:00,-4.43
2014-04-29 04:00:00,-2.90
2014-04-29 07:00:00,-3.38
2014-04-29 10:00:00,-2.54
2014-04-29 13:00:00,-3.12
2014-04-29 16:00:00,-4.70
2014-04-29 19:00:00,-7.00
2014-04-29 22:00:00,-7.82
2014-04-30 01:00:00,-8.65
2014-04-30 04:00:00,-13.76
2014-04-30 07:00:00,-13.85
2014-04-30 10:00:00,-7.76
2014-04-30 13:00:00,-4.44
2014-04-30 16:00:00,-8.08
2014-04-30 19:00:00,-10.98
2014-04-30 22:00:00,-10.05
2014-05-01 01:00:00,-7.96
2014-05-01 04:00:00,-6.60
2014-05-01 07:00:00,-7.19
2014-05-01 10:00:00,-5.32
2014-05-01 13:00:00,-5.52
2014-05-01 16:00:00,-4.91
2014-05-01 19:00:00,-6.89
2014-05-01 22:00:00,-9.11
2014-05-02 01:00:00,-7.88
2014-05-02 04:00:00,-8.11
2014-05-02 07:00:00,-7.07
2014-05-02 10:00:00,-5.93
2014-05-02 13:00:00,-5.23
2014-05-02 16:00:00,-5.55
2014-05-02 19:00:00,-6.16
2014-05-02 22:00:00,-6.40
2014-05-03 01:00:00,-7.21
2014-05-03 04:00:00,-8.14
2014-05-03 07:00:00,-7.57
2014-05-03 10:00:00,0.31
2014-05-03 13:00:00,-4.04
2014-05-03 16:00:00,-4.74
2014-05-03 19:00:00,-7.21
2014-05-03 22:00:00,-8.56
2014-05-04 01:00:00,-10.17
2014-05-04 04:00:00,-10.20
2014-05-04 07:00:00,-9.25
2014-05-04 10:00:00,-6.05
2014-05-04 13:00:00,-3.65
2014-05-04 16:00:00,-4.48
2014-05-04 19:00:00,-6.49
2014-05-04 22:00:00,-8.27
2014-05-05 01:00:00,-8.74
2014-05-05 04:00:00,-10.78
2014-05-05 07:00:00,-7.98
2014-05-05 10:00:00,-3.00
2014-05-05 13:00:00,-2.15
2014-05-05 16:00:00,-4.16
2014-05-05 19:00:00,-6.05
2014-05-05 22:00:00,-7.12
2014-05-06 01:00:00,-8.47
2014-05-06 04:00:00,-8.25
2014-05-06 07:00:00,-6.81
2014-05-06 10:00:00,-6.20
2014-05-06 13:00:00,-5.82
2014-05-06 16:00:00,-5.93
2014-05-06 19:00:00,-7.16
2014-05-06 22:00:00,-8.10
2014-05-07 01:00:00,-8.73
2014-05-07 04:00:00,-9.02
2014-05-07 07:00:00,-8.52
2014-05-07 10:00:00,-6.38
2014-05-07 13:00:00,-6.44
2014-05-07 16:00:00,-7.03
2014-05-07 19:00:00,-8.08
2014-05-07 22:00:00,-8.20
2014-05-08 01:00:00,-8.75
2014-05-08 04:00:00,-8.26
2014-05-08 07:00:00,-6.59
2014-05-08 10:00:00,-6.00
2014-05-08 13:00:00,-4.97
2014-05-08 16:00:00,-4.83
2014-05-08 19:00:00,-5.05
2014-05-08 22:00:00,-5.34
2014-05-09 01:00:00,-5.20
2014-05-09 04:00:00,-8.54
2014-05-09 07:00:00,-5.37
2014-05-09 10:00:00,-2.65
2014-05-09 13:00:00,-0.02
2014-05-09 16:00:00,-0.46
2014-05-09 19:00:00,-4.23
2014-05-09 22:00:00,-6.03
2014-05-10 01:00:00,-6.62
2014-05-10 04:00:00,-5.63
2014-05-10 07:00:00,-2.11
2014-05-10 10:00:00,-1.83
2014-05-10 13:00:00,-0.44
2014-05-10 16:00:00,0.61
2014-05-10 19:00:00,-1.62
2014-05-10 22:00:00,-2.21
2014-05-11 01:00:00,-2.41
2014-05-11 04:00:00,-2.61
2014-05-11 07:00:00,-1.75
2014-05-11 10:00:00,-0.89
2014-05-11 13:00:00,-0.63
2014-05-11 16:00:00,-0.12
2014-05-11 19:00:00,-0.46
2014-05-11 22:00:00,-1.81
2014-05-12 01:00:00,-2.51
2014-05-12 04:00:00,-2.77
2014-05-12 07:00:00,-1.55
2014-05-12 10:00:00,4.93
2014-05-12 13:00:00,1.73
2014-05-12 16:00:00,1.21
2014-05-12 19:00:00,0.55
2014-05-12 22:00:00,-1.02
2014-05-13 01:00:00,-1.55
2014-05-13 04:00:00,-2.36
2014-05-13 07:00:00,-2.11
2014-05-13 10:00:00,-0.82
2014-05-13 13:00:00,-2.32
2014-05-13 16:00:00,-3.54
2014-05-13 19:00:00,-4.93
2014-05-13 22:00:00,-5.68
2014-05-14 01:00:00,-6.90
2014-05-14 04:00:00,-7.29
2014-05-14 07:00:00,-7.08
2014-05-14 10:00:00,-5.64
2014-05-14 13:00:00,-5.26
2014-05-14 16:00:00,-4.47
2014-05-14 19:00:00,-5.11
2014-05-14 22:00:00,-6.10
2014-05-15 01:00:00,-6.55
2014-05-15 04:00:00,-6.85
2014-05-15 07:00:00,-5.15
2014-05-15 10:00:00,-3.18
2014-05-15 13:00:00,-1.71
2014-05-15 16:00:00,-1.63
2014-05-15 19:00:00,-4.50
2014-05-15 22:00:00,-3.47
2014-05-16 01:00:00,-2.73
2014-05-16 04:00:00,-2.36
2014-05-16 07:00:00,1.26
2014-05-16 10:00:00,1.61
2014-05-16 13:00:00,2.22
2014-05-16 16:00:00,1.29
2014-05-16 19:00:00,0.71
2014-05-16 22:00:00,-0.38
2014-05-17 01:00:00,0.50
2014-05-17 04:00:00,-1.70
2014-05-17 07:00:00,0.34
2014-05-17 10:00:00,4.47
2014-05-17 13:00:00,3.58
2014-05-17 16:00:00,1.61
2014-05-17 19:00:00,1.40
2014-05-17 22:00:00,0.58
2014-05-18 01:00:00,0.70
2014-05-18 04:00:00,-0.55
2014-05-18 07:00:00,-0.64
2014-05-18 10:00:00,0.94
2014-05-18 13:00:00,2.64
2014-05-18 16:00:00,2.58
2014-05-18 19:00:00,3.96
2014-05-18 22:00:00,5.59
2014-05-19 01:00:00,5.33
2014-05-19 04:00:00,4.21
2014-05-19 07:00:00,7.16
2014-05-19 10:00:00,7.17
2014-05-19 13:00:00,12.53
2014-05-19 16:00:00,10.12
2014-05-19 19:00:00,6.14
2014-05-19 22:00:00,5.02
2014-05-20 01:00:00,7.10
2014-05-20 04:00:00,7.67
2014-05-20 07:00:00,5.42
2014-05-20 10:00:00,8.35
2014-05-20 13:00:00,7.73
2014-05-20 16:00:00,6.47
2014-05-20 19:00:00,3.37
2014-05-20 22:00:00,3.14
2014-05-21 01:00:00,2.67
2014-05-21 04:00:00,1.98
2014-05-21 07:00:00,1.93
2014-05-21 10:00:00,2.42
2014-05-21 13:00:00,3.98
2014-05-21 16:00:00,2.52
2014-05-21 19:00:00,3.32
2014-05-21 22:00:00,2.00
2014-05-22 01:00:00,1.97
2014-05-22 04:00:00,3.78
2014-05-22 07:00:00,5.22
2014-05-22 10:00:00,4.33
2014-05-22 13:00:00,8.31
2014-05-22 16:00:00,7.59
2014-05-22 19:00:00,7.92
2014-05-22 22:00:00,6.02
2014-05-23 01:00:00,4.90
2014-05-23 04:00:00,3.88
2014-05-23 07:00:00,9.78
2014-05-23 10:00:00,11.33
2014-05-23 13:00:00,11.14
2014-05-23 16:00:00,8.37
2014-05-23 19:00:00,8.08
2014-05-23 22:00:00,6.59
2014-05-24 01:00:00,5.24
2014-05-24 04:00:00,3.93
2014-05-24 07:00:00,2.56
2014-05-24 10:00:00,2.08
2014-05-24 13:00:00,4.46
2014-05-24 16:00:00,3.16
2014-05-24 19:00:00,0.70
2014-05-24 22:00:00,-0.85
2014-05-25 01:00:00,-2.20
2014-05-25 04:00:00,-2.35
2014-05-25 07:00:00,-0.21
2014-05-25 10:00:00,-0.23
2014-05-25 13:00:00,0.27
2014-05-25 16:00:00,-0.56
2014-05-25 19:00:00,-1.67
2014-05-25 22:00:00,-3.45
2014-05-26 01:00:00,-4.85
2014-05-26 04:00:00,-5.94
2014-05-26 07:00:00,-5.02
2014-05-26 10:00:00,-0.92
2014-05-26 13:00:00,-0.52
2014-05-26 16:00:00,0.76
2014-05-26 19:00:00,-2.51
2014-05-26 22:00:00,-2.85
2014-05-27 01:00:00,-3.16
2014-05-27 04:00:00,-4.60
2014-05-27 07:00:00,4.33
2014-05-27 10:00:00,1.24
2014-05-27 13:00:00,4.37
2014-05-27 16:00:00,4.91
2014-05-27 19:00:00,2.74
2014-05-27 22:00:00,1.86
2014-05-28 01:00:00,-1.16
2014-05-28 04:00:00,-2.20
2014-05-28 07:00:00,2.68
2014-05-28 10:00:00,9.74
2014-05-28 13:00:00,6.84
2014-05-28 16:00:00,6.45
2014-05-28 19:00:00,5.03
2014-05-28 22:00:00,4.61
2014-05-29 01:00:00,2.49
2014-05-29 04:00:00,1.59
2014-05-29 07:00:00,4.98
2014-05-29 10:00:00,6.64
2014-05-29 13:00:00,7.82
2014-05-29 16:00:00,8.36
2014-05-29 19:00:00,7.38
2014-05-29 22:00:00,5.19
2014-05-30 01:00:00,4.80
2014-05-30 04:00:00,4.73
2014-05-30 07:00:00,6.03
2014-05-30 10:00:00,8.33
2014-05-30 13:00:00,8.47
2014-05-30 16:00:00,9.60
2014-05-30 19:00:00,7.67
2014-05-30 22:00:00,6.30
2014-05-31 01:00:00,3.98
2014-05-31 04:00:00,4.07
2014-05-31 07:00:00,5.88
2014-05-31 10:00:00,6.30
2014-05-31 13:00:00,5.21
2014-05-31 16:00:00,4.53
2014-05-31 19:00:00,3.30
2014-05-31 22:00:00,1.89
2014-06-01 01:00:00,0.18
2014-06-01 04:00:00,-0.50
2014-06-01 07:00:00,1.70
2014-06-01 10:00:00,3.42
2014-06-01 13:00:00,3.81
2014-06-01 16:00:00,4.35
2014-06-01 19:00:00,3.58
2014-06-01 22:00:00,1.65
2014-06-02 01:00:00,1.11
2014-06-02 04:00:00,1.07
2014-06-02 07:00:00,5.49
2014-06-02 10:00:00,5.45
2014-06-02 13:00:00,9.78
2014-06-02 16:00:00,9.13
2014-06-02 19:00:00,8.15
2014-06-02 22:00:00,6.93
2014-06-03 01:00:00,6.58
2014-06-03 04:00:00,10.31
2014-06-03 07:00:00,11.03
2014-06-03 10:00:00,11.73
2014-06-03 13:00:00,12.00
2014-06-03 16:00:00,12.55
2014-06-03 19:00:00,10.84
2014-06-03 22:00:00,10.23
2014-06-04 01:00:00,8.45
2014-06-04 04:00:00,8.26
2014-06-04 07:00:00,11.30
2014-06-04 10:00:00,11.43
2014-06-04 13:00:00,12.77
2014-06-04 16:00:00,13.59
2014-06-04 19:00:00,10.39
2014-06-04 22:00:00,9.37
2014-06-05 01:00:00,8.72
2014-06-05 04:00:00,7.44
2014-06-05 07:00:00,7.12
2014-06-05 10:00:00,8.44
2014-06-05 13:00:00,10.74
2014-06-05 16:00:00,9.61
2014-06-05 19:00:00,9.80
2014-06-05 22:00:00,9.15
2014-06-06 01:00:00,9.72
2014-06-06 04:00:00,6.80
2014-06-06 07:00:00,7.00
2014-06-06 10:00:00,11.12
2014-06-06 13:00:00,12.34
2014-06-06 16:00:00,10.98
2014-06-06 19:00:00,11.73
2014-06-06 22:00:00,8.19
2014-06-07 01:00:00,8.87
2014-06-07 04:00:00,7.79
2014-06-07 07:00:00,10.21
2014-06-07 10:00:00,10.38
2014-06-07 13:00:00,9.39
2014-06-07 16:00:00,12.09
2014-06-07 19:00:00,8.03
2014-06-07 22:00:00,8.86
2014-06-08 01:00:00,7.57
2014-06-08 04:00:00,7.40
2014-06-08 07:00:00,8.00
2014-06-08 10:00:00,7.60
2014-06-08 13:00:00,6.23
2014-06-08 16:00:00,5.37
2014-06-08 19:00:00,5.42
2014-06-08 22:00:00,4.15
2014-06-09 01:00:00,6.00
2014-06-09 04:00:00,4.65
2014-06-09 07:00:00,6.54
2014-06-09 10:00:00,5.96
2014-06-09 13:00:00,6.74
2014-06-09 16:00:00,6.63
2014-06-09 19:00:00,6.54
2014-06-09 22:00:00,5.20
2014-06-10 01:00:00,5.23
2014-06-10 04:00:00,4.11
2014-06-10 07:00:00,6.07
2014-06-10 10:00:00,6.67
2014-06-10 13:00:00,6.13
2014-06-10 16:00:00,8.52
2014-06-10 19:00:00,6.46
2014-06-10 22:00:00,5.54
2014-06-11 01:00:00,3.07
2014-06-11 04:00:00,2.94
2014-06-11 07:00:00,5.24
2014-06-11 10:00:00,7.05
2014-06-11 13:00:00,8.85
2014-06-11 16:00:00,10.35
2014-06-11 19:00:00,9.23
2014-06-11 22:00:00,6.50
2014-06-12 01:00:00,6.49
2014-06-12 04:00:00,6.73
2014-06-12 07:00:00,8.21
2014-06-12 10:00:00,8.47
2014-06-12 13:00:00,9.79
2014-06-12 16:00:00,8.27
2014-06-12 19:00:00,6.63
2014-06-12 22:00:00,4.41
2014-06-13 01:00:00,2.12
2014-06-13 04:00:00,0.78
2014-06-13 07:00:00,3.60
2014-06-13 10:00:00,5.02
2014-06-13 13:00:00,3.84
2014-06-13 16:00:00,3.83
2014-06-13 19:00:00,2.37
2014-06-13 22:00:00,2.25
2014-06-14 01:00:00,-0.88
2014-06-14 04:00:00,-0.19
2014-06-14 07:00:00,2.79
2014-06-14 10:00:00,1.83
2014-06-14 13:00:00,2.66
2014-06-14 16:00:00,2.72
2014-06-14 19:00:00,2.20
2014-06-14 22:00:00,1.25
2014-06-15 01:00:00,1.94
2014-06-15 04:00:00,1.65
2014-06-15 07:00:00,2.58
2014-06-15 10:00:00,3.09
2014-06-15 13:00:00,3.44
2014-06-15 16:00:00,1.63
2014-06-15 19:00:00,0.59
2014-06-15 22:00:00,-0.72
2014-06-16 01:00:00,-0.66
2014-06-16 04:00:00,-1.87
2014-06-16 07:00:00,-1.96
2014-06-16 10:00:00,-1.68
2014-06-16 13:00:00,-1.43
2014-06-16 16:00:00,-2.42
2014-06-16 19:00:00,-2.69
2014-06-16 22:00:00,-2.74
2014-06-17 01:00:00,-2.67
2014-06-17 04:00:00,-3.11
2014-06-17 07:00:00,-2.84
2014-06-17 10:00:00,-0.55
2014-06-17 13:00:00,1.76
2014-06-17 16:00:00,2.34
2014-06-17 19:00:00,3.04
2014-06-17 22:00:00,2.42
2014-06-18 01:00:00,2.99
2014-06-18 04:00:00,1.88
2014-06-18 07:00:00,1.72
2014-06-18 10:00:00,1.91
2014-06-18 13:00:00,1.55
2014-06-18 16:00:00,1.79
2014-06-18 19:00:00,2.30
2014-06-18 22:00:00,1.09
2014-06-19 01:00:00,-0.80
2014-06-19 04:00:00,-1.88
2014-06-19 07:00:00,0.03
2014-06-19 10:00:00,0.50
2014-06-19 13:00:00,1.12
2014-06-19 16:00:00,1.42
2014-06-19 19:00:00,0.36
2014-06-19 22:00:00,-0.56
2014-06-20 01:00:00,-1.59
2014-06-20 04:00:00,-2.61
2014-06-20 07:00:00,-1.31
2014-06-20 10:00:00,-0.16
2014-06-20 13:00:00,0.41
2014-06-20 16:00:00,-0.06
2014-06-20 19:00:00,0.32
2014-06-20 22:00:00,0.35
2014-06-21 01:00:00,0.36
2014-06-21 04:00:00,-0.13
2014-06-21 07:00:00,-0.03
2014-06-21 10:00:00,0.65
2014-06-21 13:00:00,-0.03
2014-06-21 16:00:00,0.60
2014-06-21 19:00:00,0.71
2014-06-21 22:00:00,0.76
2014-06-22 01:00:00,0.88
2014-06-22 04:00:00,0.15
2014-06-22 07:00:00,1.77
2014-06-22 10:00:00,1.89
2014-06-22 13:00:00,1.03
2014-06-22 16:00:00,1.07
2014-06-22 19:00:00,0.69
2014-06-22 22:00:00,0.39
2014-06-23 01:00:00,-0.01
2014-06-23 04:00:00,0.45
2014-06-23 07:00:00,1.42
2014-06-23 10:00:00,3.40
2014-06-23 13:00:00,3.08
2014-06-23 16:00:00,4.30
2014-06-23 19:00:00,4.03
2014-06-23 22:00:00,2.89
2014-06-24 01:00:00,1.08
2014-06-24 04:00:00,0.78
2014-06-24 07:00:00,1.08
2014-06-24 10:00:00,3.30
2014-06-24 13:00:00,2.81
2014-06-24 16:00:00,2.62
2014-06-24 19:00:00,2.87
2014-06-24 22:00:00,1.65
2014-06-25 01:00:00,0.17
2014-06-25 04:00:00,-0.85
2014-06-25 07:00:00,1.18
2014-06-25 10:00:00,2.40
2014-06-25 13:00:00,3.18
2014-06-25 16:00:00,4.47
2014-06-25 19:00:00,4.14
2014-06-25 22:00:00,2.68
2014-06-26 01:00:00,0.73
2014-06-26 04:00:00,-0.60
2014-06-26 07:00:00,0.38
2014-06-26 10:00:00,5.60
2014-06-26 13:00:00,6.65
2014-06-26 16:00:00,6.10
2014-06-26 19:00:00,5.62
2014-06-26 22:00:00,3.46
2014-06-27 01:00:00,1.46
2014-06-27 04:00:00,0.84
2014-06-27 07:00:00,3.43
2014-06-27 10:00:00,6.80
2014-06-27 13:00:00,8.13
2014-06-27 16:00:00,9.30
2014-06-27 19:00:00,7.88
2014-06-27 22:00:00,6.04
2014-06-28 01:00:00,4.55
2014-06-28 04:00:00,3.87
2014-06-28 07:00:00,5.78
2014-06-28 10:00:00,8.07
2014-06-28 13:00:00,8.05
2014-06-28 16:00:00,8.59
2014-06-28 19:00:00,8.30
2014-06-28 22:00:00,5.07
2014-06-29 01:00:00,4.56
2014-06-29 04:00:00,4.40
2014-06-29 07:00:00,7.95
2014-06-29 10:00:00,8.94
2014-06-29 13:00:00,9.90
2014-06-29 16:00:00,10.32
2014-06-29 19:00:00,7.88
2014-06-29 22:00:00,6.68
2014-06-30 01:00:00,5.74
2014-06-30 04:00:00,5.10
2014-06-30 07:00:00,8.10
2014-06-30 10:00:00,9.27
2014-06-30 13:00:00,11.49
2014-06-30 16:00:00,10.14
2014-06-30 19:00:00,9.44
2014-06-30 22:00:00,7.10
2014-07-01 01:00:00,7.01
2014-07-01 04:00:00,7.03
2014-07-01 07:00:00,7.78
2014-07-01 10:00:00,9.78
2014-07-01 13:00:00,10.65
2014-07-01 16:00:00,10.58
2014-07-01 19:00:00,9.53
2014-07-01 22:00:00,8.12
2014-07-02 01:00:00,5.19
2014-07-02 04:00:00,4.71
2014-07-02 07:00:00,9.19
2014-07-02 10:00:00,9.03
2014-07-02 13:00:00,12.90
2014-07-02 16:00:00,12.95
2014-07-02 19:00:00,7.73
2014-07-02 22:00:00,9.49
2014-07-03 01:00:00,7.73
2014-07-03 04:00:00,6.36
2014-07-03 07:00:00,5.86
2014-07-03 10:00:00,5.49
2014-07-03 13:00:00,6.54
2014-07-03 16:00:00,7.02
2014-07-03 19:00:00,6.88
2014-07-03 22:00:00,5.76
2014-07-04 01:00:00,4.84
2014-07-04 04:00:00,5.03
2014-07-04 07:00:00,7.56
2014-07-04 10:00:00,6.52
2014-07-04 13:00:00,7.09
2014-07-04 16:00:00,6.86
2014-07-04 19:00:00,6.13
2014-07-04 22:00:00,5.42
2014-07-05 01:00:00,4.18
2014-07-05 04:00:00,5.40
2014-07-05 07:00:00,6.32
2014-07-05 10:00:00,8.71
2014-07-05 13:00:00,11.09
2014-07-05 16:00:00,13.07
2014-07-05 19:00:00,12.98
2014-07-05 22:00:00,10.20
2014-07-06 01:00:00,7.27
2014-07-06 04:00:00,7.99
2014-07-06 07:00:00,9.79
2014-07-06 10:00:00,13.84
2014-07-06 13:00:00,15.11
2014-07-06 16:00:00,14.52
2014-07-06 19:00:00,13.75
2014-07-06 22:00:00,10.11
2014-07-07 01:00:00,11.25
2014-07-07 04:00:00,9.78
2014-07-07 07:00:00,12.98
2014-07-07 10:00:00,14.28
2014-07-07 13:00:00,17.47
2014-07-07 16:00:00,18.36
2014-07-07 19:00:00,13.92
2014-07-07 22:00:00,13.41
2014-07-08 01:00:00,10.20
2014-07-08 04:00:00,10.93
2014-07-08 07:00:00,14.97
2014-07-08 10:00:00,16.09
2014-07-08 13:00:00,17.66
2014-07-08 16:00:00,18.98
2014-07-08 19:00:00,16.86
2014-07-08 22:00:00,12.88
2014-07-09 01:00:00,12.21
2014-07-09 04:00:00,10.54
2014-07-09 07:00:00,13.46
2014-07-09 10:00:00,16.11
2014-07-09 13:00:00,17.38
2014-07-09 16:00:00,18.94
2014-07-09 19:00:00,15.36
2014-07-09 22:00:00,14.35
2014-07-10 01:00:00,11.42
2014-07-10 04:00:00,9.33
2014-07-10 07:00:00,14.38
2014-07-10 10:00:00,18.89
2014-07-10 13:00:00,19.89
2014-07-10 16:00:00,21.12
2014-07-10 19:00:00,17.96
2014-07-10 22:00:00,15.87
2014-07-11 01:00:00,14.45
2014-07-11 04:00:00,12.92
2014-07-11 07:00:00,18.27
2014-07-11 10:00:00,18.18
2014-07-11 13:00:00,19.09
2014-07-11 16:00:00,18.81
2014-07-11 19:00:00,16.51
2014-07-11 22:00:00,15.79
2014-07-12 01:00:00,13.49
2014-07-12 04:00:00,13.43
2014-07-12 07:00:00,18.79
2014-07-12 10:00:00,20.16
2014-07-12 13:00:00,20.51
2014-07-12 16:00:00,19.08
2014-07-12 19:00:00,15.40
2014-07-12 22:00:00,12.38
2014-07-13 01:00:00,11.97
2014-07-13 04:00:00,11.44
2014-07-13 07:00:00,14.12
2014-07-13 10:00:00,17.21
2014-07-13 13:00:00,18.87
2014-07-13 16:00:00,16.90
2014-07-13 19:00:00,13.99
2014-07-13 22:00:00,13.30
2014-07-14 01:00:00,11.83
2014-07-14 04:00:00,11.45
2014-07-14 07:00:00,14.90
2014-07-14 10:00:00,18.67
2014-07-14 13:00:00,19.73
2014-07-14 16:00:00,19.58
2014-07-14 19:00:00,18.10
2014-07-14 22:00:00,13.22
2014-07-15 01:00:00,14.48
2014-07-15 04:00:00,13.07
2014-07-15 07:00:00,11.00
2014-07-15 10:00:00,12.93
2014-07-15 13:00:00,15.92
2014-07-15 16:00:00,15.94
2014-07-15 19:00:00,16.10
2014-07-15 22:00:00,13.02
2014-07-16 01:00:00,11.44
2014-07-16 04:00:00,12.32
2014-07-16 07:00:00,12.57
2014-07-16 10:00:00,11.10
2014-07-16 13:00:00,12.42
2014-07-16 16:00:00,12.37
2014-07-16 19:00:00,10.51
2014-07-16 22:00:00,10.10
2014-07-17 01:00:00,9.19
2014-07-17 04:00:00,10.21
2014-07-17 07:00:00,9.31
2014-07-17 10:00:00,11.48
2014-07-17 13:00:00,13.58
2014-07-17 16:00:00,13.69
2014-07-17 19:00:00,12.92
2014-07-17 22:00:00,10.65
2014-07-18 01:00:00,9.89
2014-07-18 04:00:00,8.82
2014-07-18 07:00:00,12.01
2014-07-18 10:00:00,15.13
2014-07-18 13:00:00,16.38
2014-07-18 16:00:00,15.67
2014-07-18 19:00:00,13.23
2014-07-18 22:00:00,11.52
2014-07-19 01:00:00,10.50
2014-07-19 04:00:00,10.47
2014-07-19 07:00:00,10.79
2014-07-19 10:00:00,14.22
2014-07-19 13:00:00,15.55
2014-07-19 16:00:00,14.64
2014-07-19 19:00:00,14.65
2014-07-19 22:00:00,12.31
2014-07-20 01:00:00,11.54
2014-07-20 04:00:00,11.06
2014-07-20 07:00:00,14.14
2014-07-20 10:00:00,16.04
2014-07-20 13:00:00,17.91
2014-07-20 16:00:00,15.51
2014-07-20 19:00:00,13.87
2014-07-20 22:00:00,13.22
2014-07-21 01:00:00,12.06
2014-07-21 04:00:00,11.89
2014-07-21 07:00:00,15.43
2014-07-21 10:00:00,18.70
2014-07-21 13:00:00,19.13
2014-07-21 16:00:00,20.18
2014-07-21 19:00:00,16.97
2014-07-21 22:00:00,15.17
2014-07-22 01:00:00,13.23
2014-07-22 04:00:00,15.86
2014-07-22 07:00:00,17.39
2014-07-22 10:00:00,18.70
2014-07-22 13:00:00,19.64
2014-07-22 16:00:00,19.46
2014-07-22 19:00:00,17.06
2014-07-22 22:00:00,14.76
2014-07-23 01:00:00,10.83
2014-07-23 04:00:00,10.31
2014-07-23 07:00:00,13.41
2014-07-23 10:00:00,18.16
2014-07-23 13:00:00,18.86
2014-07-23 16:00:00,18.32
2014-07-23 19:00:00,16.26
2014-07-23 22:00:00,15.51
2014-07-24 01:00:00,12.85
2014-07-24 04:00:00,13.40
2014-07-24 07:00:00,15.59
2014-07-24 10:00:00,17.08
2014-07-24 13:00:00,17.29
2014-07-24 16:00:00,19.13
2014-07-24 19:00:00,17.93
2014-07-24 22:00:00,14.88
2014-07-25 01:00:00,12.88
2014-07-25 04:00:00,11.60
2014-07-25 07:00:00,14.83
2014-07-25 10:00:00,17.83
2014-07-25 13:00:00,20.02
2014-07-25 16:00:00,20.79
2014-07-25 19:00:00,17.46
2014-07-25 22:00:00,16.01
2014-07-26 01:00:00,14.48
2014-07-26 04:00:00,13.00
2014-07-26 07:00:00,13.63
2014-07-26 10:00:00,13.80
2014-07-26 13:00:00,17.26
2014-07-26 16:00:00,17.09
2014-07-26 19:00:00,14.21
2014-07-26 22:00:00,12.45
2014-07-27 01:00:00,11.26
2014-07-27 04:00:00,10.51
2014-07-27 07:00:00,11.81
2014-07-27 10:00:00,15.50
2014-07-27 13:00:00,15.99
2014-07-27 16:00:00,16.76
2014-07-27 19:00:00,13.26
2014-07-27 22:00:00,12.10
2014-07-28 01:00:00,11.74
2014-07-28 04:00:00,11.60
2014-07-28 07:00:00,13.31
2014-07-28 10:00:00,17.59
2014-07-28 13:00:00,15.33
2014-07-28 16:00:00,15.07
2014-07-28 19:00:00,12.47
2014-07-28 22:00:00,9.74
2014-07-29 01:00:00,9.27
2014-07-29 04:00:00,7.49
2014-07-29 07:00:00,7.77
2014-07-29 10:00:00,7.94
2014-07-29 13:00:00,8.47
2014-07-29 16:00:00,9.14
2014-07-29 19:00:00,9.01
2014-07-29 22:00:00,8.50
2014-07-30 01:00:00,7.77
2014-07-30 04:00:00,7.08
2014-07-30 07:00:00,7.99
2014-07-30 10:00:00,7.93
2014-07-30 13:00:00,8.33
2014-07-30 16:00:00,9.09
2014-07-30 19:00:00,9.56
2014-07-30 22:00:00,9.82
2014-07-31 01:00:00,9.29
2014-07-31 04:00:00,9.08
2014-07-31 07:00:00,11.03
2014-07-31 10:00:00,12.07
2014-07-31 13:00:00,12.79
2014-07-31 16:00:00,13.12
2014-07-31 19:00:00,12.20
2014-07-31 22:00:00,10.11
2014-08-01 01:00:00,9.18
2014-08-01 04:00:00,8.83
2014-08-01 07:00:00,10.27
2014-08-01 10:00:00,11.04
2014-08-01 13:00:00,10.46
2014-08-01 16:00:00,10.52
2014-08-01 19:00:00,9.05
2014-08-01 22:00:00,8.63
2014-08-02 01:00:00,7.40
2014-08-02 04:00:00,6.99
2014-08-02 07:00:00,8.44
2014-08-02 10:00:00,8.38
2014-08-02 13:00:00,11.31
2014-08-02 16:00:00,13.20
2014-08-02 19:00:00,12.44
2014-08-02 22:00:00,9.66
2014-08-03 01:00:00,9.61
2014-08-03 04:00:00,10.61
2014-08-03 07:00:00,12.96
2014-08-03 10:00:00,15.73
2014-08-03 13:00:00,17.28
2014-08-03 16:00:00,18.13
2014-08-03 19:00:00,17.00
2014-08-03 22:00:00,15.35
2014-08-04 01:00:00,12.48
2014-08-04 04:00:00,11.91
2014-08-04 07:00:00,11.38
2014-08-04 10:00:00,12.57
2014-08-04 13:00:00,16.07
2014-08-04 16:00:00,17.35
2014-08-04 19:00:00,15.63
2014-08-04 22:00:00,17.66
2014-08-05 01:00:00,14.22
2014-08-05 04:00:00,13.28
2014-08-05 07:00:00,13.48
2014-08-05 10:00:00,17.86
2014-08-05 13:00:00,18.37
2014-08-05 16:00:00,16.16
2014-08-05 19:00:00,15.35
2014-08-05 22:00:00,12.83
2014-08-06 01:00:00,12.55
2014-08-06 04:00:00,11.39
2014-08-06 07:00:00,12.61
2014-08-06 10:00:00,15.65
2014-08-06 13:00:00,17.82
2014-08-06 16:00:00,18.25
2014-08-06 19:00:00,17.04
2014-08-06 22:00:00,14.01
2014-08-07 01:00:00,12.93
2014-08-07 04:00:00,12.23
2014-08-07 07:00:00,13.55
2014-08-07 10:00:00,NaN
2014-08-09 10:00:00,99999.00
2014-08-09 13:00:00,11.57
2014-08-09 16:00:00,12.43
2014-08-09 19:00:00,10.47
2014-08-09 22:00:00,8.42
2014-08-10 01:00:00,7.07
2014-08-10 04:00:00,6.32
2014-08-10 07:00:00,7.07
2014-08-10 10:00:00,7.80
2014-08-10 13:00:00,8.13
2014-08-10 16:00:00,8.02
2014-08-10 19:00:00,7.97
2014-08-10 22:00:00,7.56
2014-08-11 01:00:00,5.85
2014-08-11 04:00:00,6.94
2014-08-11 07:00:00,9.71
2014-08-11 10:00:00,10.50
2014-08-11 13:00:00,11.91
2014-08-11 16:00:00,11.97
2014-08-11 19:00:00,11.07
2014-08-11 22:00:00,9.96
2014-08-12 01:00:00,9.68
2014-08-12 04:00:00,9.24
2014-08-12 07:00:00,9.85
2014-08-12 10:00:00,10.02
2014-08-12 13:00:00,9.46
2014-08-12 16:00:00,9.65
2014-08-12 19:00:00,8.63
2014-08-12 22:00:00,8.87
2014-08-13 01:00:00,10.02
2014-08-13 04:00:00,10.09
2014-08-13 07:00:00,9.69
2014-08-13 10:00:00,10.75
2014-08-13 13:00:00,10.44
2014-08-13 16:00:00,10.62
2014-08-13 19:00:00,9.73
2014-08-13 22:00:00,9.02
2014-08-14 01:00:00,8.77
2014-08-14 04:00:00,8.33
2014-08-14 07:00:00,7.42
2014-08-14 10:00:00,9.85
2014-08-14 13:00:00,9.84
2014-08-14 16:00:00,8.60
2014-08-14 19:00:00,6.76
2014-08-14 22:00:00,5.95
2014-08-15 01:00:00,5.18
2014-08-15 04:00:00,4.89
2014-08-15 07:00:00,6.08
2014-08-15 10:00:00,6.65
2014-08-15 13:00:00,8.38
2014-08-15 16:00:00,6.38
2014-08-15 19:00:00,4.78
2014-08-15 22:00:00,3.93
2014-08-16 01:00:00,3.70
2014-08-16 04:00:00,3.95
2014-08-16 07:00:00,3.91
2014-08-16 10:00:00,5.28
2014-08-16 13:00:00,5.80
2014-08-16 16:00:00,5.17
2014-08-16 19:00:00,4.91
2014-08-16 22:00:00,3.25
2014-08-17 01:00:00,2.16
2014-08-17 04:00:00,2.68
2014-08-17 07:00:00,3.03
2014-08-17 10:00:00,3.80
2014-08-17 13:00:00,4.53
2014-08-17 16:00:00,4.53
2014-08-17 19:00:00,3.76
2014-08-17 22:00:00,3.36
2014-08-18 01:00:00,3.32
2014-08-18 04:00:00,3.11
2014-08-18 07:00:00,3.87
2014-08-18 10:00:00,3.96
2014-08-18 13:00:00,4.56
2014-08-18 16:00:00,4.81
2014-08-18 19:00:00,4.79
2014-08-18 22:00:00,5.34
2014-08-19 01:00:00,5.07
2014-08-19 04:00:00,3.70
2014-08-19 07:00:00,4.48
2014-08-19 10:00:00,4.78
2014-08-19 13:00:00,5.55
2014-08-19 16:00:00,6.27
2014-08-19 19:00:00,6.99
2014-08-19 22:00:00,5.85
2014-08-20 01:00:00,5.15
2014-08-20 04:00:00,4.60
2014-08-20 07:00:00,5.00
2014-08-20 10:00:00,5.78
2014-08-20 13:00:00,5.54
2014-08-20 16:00:00,5.49
2014-08-20 19:00:00,4.99
2014-08-20 22:00:00,3.42
2014-08-21 01:00:00,2.99
2014-08-21 04:00:00,2.13
2014-08-21 07:00:00,2.11
2014-08-21 10:00:00,4.00
2014-08-21 13:00:00,4.12
2014-08-21 16:00:00,5.56
2014-08-21 19:00:00,4.66
2014-08-21 22:00:00,3.74
2014-08-22 01:00:00,3.38
2014-08-22 04:00:00,2.95
2014-08-22 07:00:00,4.48
2014-08-22 10:00:00,4.98
2014-08-22 13:00:00,6.49
2014-08-22 16:00:00,6.91
2014-08-22 19:00:00,5.55
2014-08-22 22:00:00,4.48
2014-08-23 01:00:00,3.41
2014-08-23 04:00:00,3.40
2014-08-23 07:00:00,4.01
2014-08-23 10:00:00,5.98
2014-08-23 13:00:00,7.95
2014-08-23 16:00:00,8.55
2014-08-23 19:00:00,7.46
2014-08-23 22:00:00,6.04
2014-08-24 01:00:00,4.68
2014-08-24 04:00:00,4.18
2014-08-24 07:00:00,7.17
2014-08-24 10:00:00,7.26
2014-08-24 13:00:00,7.93
2014-08-24 16:00:00,8.77
2014-08-24 19:00:00,7.67
2014-08-24 22:00:00,6.36
2014-08-25 01:00:00,4.79
2014-08-25 04:00:00,4.30
2014-08-25 07:00:00,4.26
2014-08-25 10:00:00,5.94
2014-08-25 13:00:00,7.80
2014-08-25 16:00:00,8.53
2014-08-25 19:00:00,7.55
2014-08-25 22:00:00,5.83
2014-08-26 01:00:00,4.81
2014-08-26 04:00:00,4.30
2014-08-26 07:00:00,5.74
2014-08-26 10:00:00,6.75
2014-08-26 13:00:00,8.40
2014-08-26 16:00:00,8.11
2014-08-26 19:00:00,8.44
2014-08-26 22:00:00,7.19
2014-08-27 01:00:00,6.61
2014-08-27 04:00:00,5.17
2014-08-27 07:00:00,6.52
2014-08-27 10:00:00,8.67
2014-08-27 13:00:00,9.57
2014-08-27 16:00:00,9.00
2014-08-27 19:00:00,6.95
2014-08-27 22:00:00,6.09
2014-08-28 01:00:00,4.92
2014-08-28 04:00:00,5.80
2014-08-28 07:00:00,6.00
2014-08-28 10:00:00,5.75
2014-08-28 13:00:00,8.54
2014-08-28 16:00:00,7.50
2014-08-28 19:00:00,7.34
2014-08-28 22:00:00,5.81
2014-08-29 01:00:00,5.91
2014-08-29 04:00:00,6.34
2014-08-29 07:00:00,7.16
2014-08-29 10:00:00,7.45
2014-08-29 13:00:00,9.93
2014-08-29 16:00:00,10.02
2014-08-29 19:00:00,8.43
2014-08-29 22:00:00,6.28
2014-08-30 01:00:00,5.45
2014-08-30 04:00:00,5.80
2014-08-30 07:00:00,6.41
2014-08-30 10:00:00,9.70
2014-08-30 13:00:00,11.48
2014-08-30 16:00:00,10.94
2014-08-30 19:00:00,9.20
2014-08-30 22:00:00,8.11
2014-08-31 01:00:00,7.89
2014-08-31 04:00:00,6.98
2014-08-31 07:00:00,7.50
2014-08-31 10:00:00,11.14
2014-08-31 13:00:00,13.22
2014-08-31 16:00:00,12.00
2014-08-31 19:00:00,9.36
2014-08-31 22:00:00,7.37
2014-09-01 01:00:00,6.60
2014-09-01 04:00:00,5.57
2014-09-01 07:00:00,7.15
2014-09-01 10:00:00,9.60
2014-09-01 13:00:00,10.58
2014-09-01 16:00:00,9.87
2014-09-01 19:00:00,8.66
2014-09-01 22:00:00,8.04
2014-09-02 01:00:00,8.33
2014-09-02 04:00:00,8.98
2014-09-02 07:00:00,8.94
2014-09-02 10:00:00,9.55
2014-09-02 13:00:00,8.48
2014-09-02 16:00:00,8.54
2014-09-02 19:00:00,8.63
2014-09-02 22:00:00,8.32
2014-09-03 01:00:00,7.96
2014-09-03 04:00:00,7.41
2014-09-03 07:00:00,8.41
2014-09-03 10:00:00,7.86
2014-09-03 13:00:00,8.53
2014-09-03 16:00:00,7.84
2014-09-03 19:00:00,7.04
2014-09-03 22:00:00,6.94
2014-09-04 01:00:00,7.37
2014-09-04 04:00:00,6.83
2014-09-04 07:00:00,7.00
2014-09-04 10:00:00,7.83
2014-09-04 13:00:00,6.77
2014-09-04 16:00:00,6.79
2014-09-04 19:00:00,6.20
2014-09-04 22:00:00,5.86
2014-09-05 01:00:00,5.75
2014-09-05 04:00:00,4.91
2014-09-05 07:00:00,5.77
2014-09-05 10:00:00,5.77
2014-09-05 13:00:00,5.83
2014-09-05 16:00:00,6.46
2014-09-05 19:00:00,5.28
2014-09-05 22:00:00,4.34
2014-09-06 01:00:00,4.75
2014-09-06 04:00:00,2.34
2014-09-06 07:00:00,2.30
2014-09-06 10:00:00,6.52
2014-09-06 13:00:00,7.83
2014-09-06 16:00:00,8.56
2014-09-06 19:00:00,8.00
2014-09-06 22:00:00,8.67
2014-09-07 01:00:00,8.57
2014-09-07 04:00:00,8.10
2014-09-07 07:00:00,7.73
2014-09-07 10:00:00,8.77
2014-09-07 13:00:00,9.22
2014-09-07 16:00:00,9.50
2014-09-07 19:00:00,8.18
2014-09-07 22:00:00,5.05
2014-09-08 01:00:00,3.56
2014-09-08 04:00:00,4.00
2014-09-08 07:00:00,4.07
2014-09-08 10:00:00,5.03
2014-09-08 13:00:00,6.07
2014-09-08 16:00:00,6.88
2014-09-08 19:00:00,6.01
2014-09-08 22:00:00,6.50
2014-09-09 01:00:00,5.57
2014-09-09 04:00:00,3.60
2014-09-09 07:00:00,7.71
2014-09-09 10:00:00,10.38
2014-09-09 13:00:00,9.24
2014-09-09 16:00:00,9.10
2014-09-09 19:00:00,7.87
2014-09-09 22:00:00,5.74
2014-09-10 01:00:00,5.58
2014-09-10 04:00:00,5.56
2014-09-10 07:00:00,5.76
2014-09-10 10:00:00,5.54
2014-09-10 13:00:00,5.27
2014-09-10 16:00:00,6.38
2014-09-10 19:00:00,6.60
2014-09-10 22:00:00,9.37
2014-09-11 01:00:00,8.43
2014-09-11 04:00:00,8.51
2014-09-11 07:00:00,8.73
2014-09-11 10:00:00,8.60
2014-09-11 13:00:00,7.05
2014-09-11 16:00:00,5.97
2014-09-11 19:00:00,5.89
2014-09-11 22:00:00,5.36
2014-09-12 01:00:00,5.09
2014-09-12 04:00:00,5.19
2014-09-12 07:00:00,4.83
2014-09-12 10:00:00,5.05
2014-09-12 13:00:00,5.41
2014-09-12 16:00:00,5.44
2014-09-12 19:00:00,3.61
2014-09-12 22:00:00,2.73
2014-09-13 01:00:00,2.03
2014-09-13 04:00:00,1.46
2014-09-13 07:00:00,3.06
2014-09-13 10:00:00,8.45
2014-09-13 13:00:00,7.05
2014-09-13 16:00:00,6.87
2014-09-13 19:00:00,6.89
2014-09-13 22:00:00,6.01
2014-09-14 01:00:00,3.64
2014-09-14 04:00:00,3.50
2014-09-14 07:00:00,2.99
2014-09-14 10:00:00,3.29
2014-09-14 13:00:00,4.07
2014-09-14 16:00:00,3.77
2014-09-14 19:00:00,2.83
2014-09-14 22:00:00,4.41
2014-09-15 01:00:00,4.65
2014-09-15 04:00:00,4.34
2014-09-15 07:00:00,4.03
2014-09-15 10:00:00,9.50
2014-09-15 13:00:00,11.34
2014-09-15 16:00:00,10.08
2014-09-15 19:00:00,7.95
2014-09-15 22:00:00,6.78
2014-09-16 01:00:00,6.18
2014-09-16 04:00:00,4.40
2014-09-16 07:00:00,3.07
2014-09-16 10:00:00,11.16
2014-09-16 13:00:00,11.79
2014-09-16 16:00:00,9.68
2014-09-16 19:00:00,6.95
2014-09-16 22:00:00,8.28
2014-09-17 01:00:00,9.66
2014-09-17 04:00:00,10.40
2014-09-17 07:00:00,10.32
2014-09-17 10:00:00,9.90
2014-09-17 13:00:00,10.28
2014-09-17 16:00:00,8.11
2014-09-17 19:00:00,6.32
2014-09-17 22:00:00,6.50
2014-09-18 01:00:00,5.01
2014-09-18 04:00:00,3.79
2014-09-18 07:00:00,4.14
2014-09-18 10:00:00,4.25
2014-09-18 13:00:00,5.62
2014-09-18 16:00:00,6.05
2014-09-18 19:00:00,4.00
2014-09-18 22:00:00,4.07
2014-09-19 01:00:00,3.99
2014-09-19 04:00:00,2.90
2014-09-19 07:00:00,2.13
2014-09-19 10:00:00,3.87
2014-09-19 13:00:00,4.69
2014-09-19 16:00:00,4.27
2014-09-19 19:00:00,3.27
2014-09-19 22:00:00,3.34
2014-09-20 01:00:00,5.10
2014-09-20 04:00:00,4.52
2014-09-20 07:00:00,6.45
2014-09-20 10:00:00,7.00
2014-09-20 13:00:00,5.80
2014-09-20 16:00:00,6.67
2014-09-20 19:00:00,5.17
2014-09-20 22:00:00,3.97
2014-09-21 01:00:00,3.41
2014-09-21 04:00:00,0.82
2014-09-21 07:00:00,-0.52
2014-09-21 10:00:00,-1.01
2014-09-21 13:00:00,0.17
2014-09-21 16:00:00,-0.70
2014-09-21 19:00:00,-1.52
2014-09-21 22:00:00,-1.95
2014-09-22 01:00:00,-2.92
2014-09-22 04:00:00,-4.34
2014-09-22 07:00:00,-4.97
2014-09-22 10:00:00,-3.62
2014-09-22 13:00:00,-2.21
2014-09-22 16:00:00,-4.14
2014-09-22 19:00:00,-5.50
2014-09-22 22:00:00,-6.35
2014-09-23 01:00:00,-7.23
2014-09-23 04:00:00,-7.27
2014-09-23 07:00:00,-7.07
2014-09-23 10:00:00,-3.29
2014-09-23 13:00:00,-4.50
2014-09-23 16:00:00,-4.61
2014-09-23 19:00:00,-4.05
2014-09-23 22:00:00,-4.05
2014-09-24 01:00:00,-4.52
2014-09-24 04:00:00,-5.70
2014-09-24 07:00:00,-5.68
2014-09-24 10:00:00,-4.55
2014-09-24 13:00:00,-3.97
2014-09-24 16:00:00,-3.22
2014-09-24 19:00:00,-2.32
2014-09-24 22:00:00,-2.42
2014-09-25 01:00:00,-2.01
2014-09-25 04:00:00,-1.28
2014-09-25 07:00:00,-0.79
2014-09-25 10:00:00,-0.40
2014-09-25 13:00:00,-0.26
2014-09-25 16:00:00,-0.48
2014-09-25 19:00:00,-0.60
2014-09-25 22:00:00,-1.14
2014-09-26 01:00:00,-2.99
2014-09-26 04:00:00,-2.24
2014-09-26 07:00:00,-2.79
2014-09-26 10:00:00,-1.14
2014-09-26 13:00:00,0.59
2014-09-26 16:00:00,3.51
2014-09-26 19:00:00,3.78
2014-09-26 22:00:00,3.62
2014-09-27 01:00:00,2.41
2014-09-27 04:00:00,2.46
2014-09-27 07:00:00,2.03
2014-09-27 10:00:00,1.17
2014-09-27 13:00:00,1.17
2014-09-27 16:00:00,1.01
2014-09-27 19:00:00,0.66
2014-09-27 22:00:00,0.19
2014-09-28 01:00:00,-0.34
2014-09-28 04:00:00,-1.06
2014-09-28 07:00:00,-1.62
2014-09-28 10:00:00,-1.30
2014-09-28 13:00:00,0.10
2014-09-28 16:00:00,0.17
2014-09-28 19:00:00,0.58
2014-09-28 22:00:00,0.52
2014-09-29 01:00:00,1.23
2014-09-29 04:00:00,1.45
2014-09-29 07:00:00,0.23
2014-09-29 10:00:00,1.03
2014-09-29 13:00:00,2.46
2014-09-29 16:00:00,2.41
2014-09-29 19:00:00,1.41
2014-09-29 22:00:00,0.92
2014-09-30 01:00:00,0.96
2014-09-30 04:00:00,0.50
2014-09-30 07:00:00,-1.48
2014-09-30 10:00:00,-0.96
2014-09-30 13:00:00,-0.87
2014-09-30 16:00:00,-3.76
2014-09-30 19:00:00,-2.99
2014-09-30 22:00:00,-3.47
2014-10-01 01:00:00,-3.15
2014-10-01 04:00:00,-0.30
2014-10-01 07:00:00,2.48
2014-10-01 10:00:00,6.47
2014-10-01 13:00:00,4.83
2014-10-01 16:00:00,4.49
2014-10-01 19:00:00,3.70
2014-10-01 22:00:00,2.05
2014-10-02 01:00:00,-0.91
2014-10-02 04:00:00,4.46
2014-10-02 07:00:00,3.93
2014-10-02 10:00:00,2.93
2014-10-02 13:00:00,2.82
2014-10-02 16:00:00,2.56
2014-10-02 19:00:00,1.90
2014-10-02 22:00:00,2.54
2014-10-03 01:00:00,1.58
2014-10-03 04:00:00,1.46
2014-10-03 07:00:00,0.72
2014-10-03 10:00:00,3.07
2014-10-03 13:00:00,2.95
2014-10-03 16:00:00,2.88
2014-10-03 19:00:00,2.19
2014-10-03 22:00:00,2.44
2014-10-04 01:00:00,1.98
2014-10-04 04:00:00,1.80
2014-10-04 07:00:00,1.90
2014-10-04 10:00:00,3.02
2014-10-04 13:00:00,2.88
2014-10-04 16:00:00,2.28
2014-10-04 19:00:00,1.99
2014-10-04 22:00:00,2.29
2014-10-05 01:00:00,3.01
2014-10-05 04:00:00,1.77
2014-10-05 07:00:00,2.39
2014-10-05 10:00:00,3.90
2014-10-05 13:00:00,4.64
2014-10-05 16:00:00,3.55
2014-10-05 19:00:00,3.40
2014-10-05 22:00:00,4.34
2014-10-06 01:00:00,4.97
2014-10-06 04:00:00,4.45
2014-10-06 07:00:00,1.58
2014-10-06 10:00:00,2.94
2014-10-06 13:00:00,4.68
2014-10-06 16:00:00,4.10
2014-10-06 19:00:00,1.60
2014-10-06 22:00:00,0.17
2014-10-07 01:00:00,-1.26
2014-10-07 04:00:00,2.24
2014-10-07 07:00:00,-0.99
2014-10-07 10:00:00,0.81
2014-10-07 13:00:00,0.18
2014-10-07 16:00:00,-1.44
2014-10-07 19:00:00,-2.07
2014-10-07 22:00:00,-2.67
2014-10-08 01:00:00,-3.18
2014-10-08 04:00:00,-3.79
2014-10-08 07:00:00,-4.88
2014-10-08 10:00:00,-3.40
2014-10-08 13:00:00,-2.77
2014-10-08 16:00:00,-2.87
2014-10-08 19:00:00,-3.12
2014-10-08 22:00:00,-3.65
2014-10-09 01:00:00,-4.03
2014-10-09 04:00:00,-4.36
2014-10-09 07:00:00,-5.21
2014-10-09 10:00:00,-6.77
2014-10-09 13:00:00,-6.73
2014-10-09 16:00:00,-6.70
2014-10-09 19:00:00,-6.70
2014-10-09 22:00:00,-6.80
2014-10-10 01:00:00,-6.95
2014-10-10 04:00:00,-8.00
2014-10-10 07:00:00,-6.15
2014-10-10 10:00:00,-4.63
2014-10-10 13:00:00,-5.02
2014-10-10 16:00:00,-4.58
2014-10-10 19:00:00,-6.09
2014-10-10 22:00:00,-5.58
2014-10-11 01:00:00,-5.07
2014-10-11 04:00:00,-5.01
2014-10-11 07:00:00,-7.97
2014-10-11 10:00:00,-3.59
2014-10-11 13:00:00,0.22
2014-10-11 16:00:00,-3.68
2014-10-11 19:00:00,-3.15
2014-10-11 22:00:00,-3.68
2014-10-12 01:00:00,-6.83
2014-10-12 04:00:00,-6.83
2014-10-12 07:00:00,-7.50
2014-10-12 10:00:00,-8.40
2014-10-12 13:00:00,-7.57
2014-10-12 16:00:00,-9.43
2014-10-12 19:00:00,-8.23
2014-10-12 22:00:00,-3.50
2014-10-13 01:00:00,-4.40
2014-10-13 04:00:00,-8.30
2014-10-13 07:00:00,-6.01
2014-10-13 10:00:00,-4.53
2014-10-13 13:00:00,-4.53
2014-10-13 16:00:00,-4.93
2014-10-13 19:00:00,-5.38
2014-10-13 22:00:00,-6.11
2014-10-14 01:00:00,-2.78
2014-10-14 04:00:00,-3.46
2014-10-14 07:00:00,-2.85
2014-10-14 10:00:00,-3.20
2014-10-14 13:00:00,-3.20
2014-10-14 16:00:00,-3.57
2014-10-14 19:00:00,-4.18
2014-10-14 22:00:00,-6.38
2014-10-15 01:00:00,-7.52
2014-10-15 04:00:00,-9.07
2014-10-15 07:00:00,-8.27
2014-10-15 10:00:00,-7.60
2014-10-15 13:00:00,-5.69
2014-10-15 16:00:00,-5.92
2014-10-15 19:00:00,-5.32
2014-10-15 22:00:00,-5.46
2014-10-16 01:00:00,-6.48
2014-10-16 04:00:00,-6.00
2014-10-16 07:00:00,-4.30
2014-10-16 10:00:00,-5.18
2014-10-16 13:00:00,-4.35
2014-10-16 16:00:00,-4.52
2014-10-16 19:00:00,-3.87
2014-10-16 22:00:00,-4.39
2014-10-17 01:00:00,-2.05
2014-10-17 04:00:00,-2.67
2014-10-17 07:00:00,-2.07
2014-10-17 10:00:00,-2.04
2014-10-17 13:00:00,-1.32
2014-10-17 16:00:00,-1.17
2014-10-17 19:00:00,-1.48
2014-10-17 22:00:00,-1.42
2014-10-18 01:00:00,-1.56
2014-10-18 04:00:00,-2.65
2014-10-18 07:00:00,-1.18
2014-10-18 10:00:00,-1.81
2014-10-18 13:00:00,-1.24
2014-10-18 16:00:00,-4.95
2014-10-18 19:00:00,-4.15
2014-10-18 22:00:00,-4.26
2014-10-19 01:00:00,-4.48
2014-10-19 04:00:00,-4.93
2014-10-19 07:00:00,-5.07
2014-10-19 10:00:00,-5.34
2014-10-19 13:00:00,-6.22
2014-10-19 16:00:00,-9.96
2014-10-19 19:00:00,-12.24
2014-10-19 22:00:00,-8.46
2014-10-20 01:00:00,-7.97
2014-10-20 04:00:00,-8.58
2014-10-20 07:00:00,-8.13
2014-10-20 10:00:00,-8.05
2014-10-20 13:00:00,-5.50
2014-10-20 16:00:00,-5.13
2014-10-20 19:00:00,-7.32
2014-10-20 22:00:00,-6.58
2014-10-21 01:00:00,-6.11
2014-10-21 04:00:00,-6.05
2014-10-21 07:00:00,-5.97
2014-10-21 10:00:00,-5.95
2014-10-21 13:00:00,-6.99
2014-10-21 16:00:00,-7.42
2014-10-21 19:00:00,-8.25
2014-10-21 22:00:00,-8.25
2014-10-22 01:00:00,-8.80
2014-10-22 04:00:00,-9.37
2014-10-22 07:00:00,-9.84
2014-10-22 10:00:00,-9.76
2014-10-22 13:00:00,-10.17
2014-10-22 16:00:00,-10.23
2014-10-22 19:00:00,-9.66
2014-10-22 22:00:00,-9.41
2014-10-23 01:00:00,-9.17
2014-10-23 04:00:00,-7.75
2014-10-23 07:00:00,-7.62
2014-10-23 10:00:00,-7.99
2014-10-23 13:00:00,-7.87
2014-10-23 16:00:00,-7.68
2014-10-23 19:00:00,-6.01
2014-10-23 22:00:00,-5.91
2014-10-24 01:00:00,-5.83
2014-10-24 04:00:00,-5.64
2014-10-24 07:00:00,-5.89
2014-10-24 10:00:00,-5.13
2014-10-24 13:00:00,-4.18
2014-10-24 16:00:00,-4.61
2014-10-24 19:00:00,-5.85
2014-10-24 22:00:00,-1.89
2014-10-25 01:00:00,-2.50
2014-10-25 04:00:00,-2.71
2014-10-25 07:00:00,-1.83
2014-10-25 10:00:00,-0.03
2014-10-25 13:00:00,-0.43
2014-10-25 16:00:00,-2.63
2014-10-25 19:00:00,-2.45
2014-10-25 22:00:00,-3.18
2014-10-26 01:00:00,-3.28
2014-10-26 04:00:00,-2.02
2014-10-26 07:00:00,-3.65
2014-10-26 10:00:00,-2.34
2014-10-26 13:00:00,-1.81
2014-10-26 16:00:00,-1.40
2014-10-26 19:00:00,-1.22
2014-10-26 22:00:00,-0.34
2014-10-27 01:00:00,-1.79
2014-10-27 04:00:00,-2.26
2014-10-27 07:00:00,0.49
2014-10-27 10:00:00,-0.40
2014-10-27 13:00:00,-0.95
2014-10-27 16:00:00,-0.16
2014-10-27 19:00:00,-0.73
2014-10-27 22:00:00,-0.99
2014-10-28 01:00:00,-1.34
2014-10-28 04:00:00,-0.50
2014-10-28 07:00:00,-0.52
2014-10-28 10:00:00,-2.58
2014-10-28 13:00:00,-3.26
2014-10-28 16:00:00,-2.24
2014-10-28 19:00:00,-0.34
2014-10-28 22:00:00,-0.83
2014-10-29 01:00:00,0.23
2014-10-29 04:00:00,-0.71
2014-10-29 07:00:00,-1.77
2014-10-29 10:00:00,-1.51
2014-10-29 13:00:00,-1.12
2014-10-29 16:00:00,-1.60
2014-10-29 19:00:00,-1.12
2014-10-29 22:00:00,-0.87
2014-10-30 01:00:00,-1.54
2014-10-30 04:00:00,-0.96
2014-10-30 07:00:00,-0.93
2014-10-30 10:00:00,-2.26
2014-10-30 13:00:00,-2.21
2014-10-30 16:00:00,-2.73
2014-10-30 19:00:00,-3.28
2014-10-30 22:00:00,-5.40
2014-10-31 01:00:00,-4.52
2014-10-31 04:00:00,-5.70
2014-10-31 07:00:00,-5.56
2014-10-31 10:00:00,-4.70
2014-10-31 13:00:00,-6.36
2014-10-31 16:00:00,-7.62
2014-10-31 19:00:00,-10.91
2014-10-31 22:00:00,-11.74
2014-11-01 01:00:00,-9.06
2014-11-01 04:00:00,-10.61
2014-11-01 07:00:00,-8.80
2014-11-01 10:00:00,-7.78
2014-11-01 13:00:00,-8.42
2014-11-01 16:00:00,-7.86
2014-11-01 19:00:00,-7.16
2014-11-01 22:00:00,-6.95
2014-11-02 01:00:00,-6.42
2014-11-02 04:00:00,-3.89
2014-11-02 07:00:00,-1.46
2014-11-02 10:00:00,0.84
2014-11-02 13:00:00,1.05
2014-11-02 16:00:00,0.70
2014-11-02 19:00:00,0.56
2014-11-02 22:00:00,-0.67
2014-11-03 01:00:00,2.11
2014-11-03 04:00:00,3.10
2014-11-03 07:00:00,2.33
2014-11-03 10:00:00,2.72
2014-11-03 13:00:00,1.82
2014-11-03 16:00:00,0.48
2014-11-03 19:00:00,-0.12
2014-11-03 22:00:00,-3.61
2014-11-04 01:00:00,-4.25
2014-11-04 04:00:00,-6.24
2014-11-04 07:00:00,-6.99
2014-11-04 10:00:00,-10.67
2014-11-04 13:00:00,-8.89
2014-11-04 16:00:00,-11.81
2014-11-04 19:00:00,-12.22
2014-11-04 22:00:00,-12.55
2014-11-05 01:00:00,-11.49
2014-11-05 04:00:00,-15.51
2014-11-05 07:00:00,-13.51
2014-11-05 10:00:00,-13.88
2014-11-05 13:00:00,-10.68
2014-11-05 16:00:00,-9.56
2014-11-05 19:00:00,-8.39
2014-11-05 22:00:00,-7.38
2014-11-06 01:00:00,-6.30
2014-11-06 04:00:00,-5.05
2014-11-06 07:00:00,-7.07
2014-11-06 10:00:00,-7.25
2014-11-06 13:00:00,-9.88
2014-11-06 16:00:00,-11.27
2014-11-06 19:00:00,-8.54
2014-11-06 22:00:00,-9.15
2014-11-07 01:00:00,-7.46
2014-11-07 04:00:00,-9.58
2014-11-07 07:00:00,-5.68
2014-11-07 10:00:00,-6.97
2014-11-07 13:00:00,-9.33
2014-11-07 16:00:00,-5.40
2014-11-07 19:00:00,-3.72
2014-11-07 22:00:00,-4.97
2014-11-08 01:00:00,-5.59
2014-11-08 04:00:00,-5.81
2014-11-08 07:00:00,-3.97
2014-11-08 10:00:00,-4.09
2014-11-08 13:00:00,-6.82
2014-11-08 16:00:00,-8.05
2014-11-08 19:00:00,-9.57
2014-11-08 22:00:00,-8.82
2014-11-09 01:00:00,-6.82
2014-11-09 04:00:00,-4.56
2014-11-09 07:00:00,1.60
2014-11-09 10:00:00,1.27
2014-11-09 13:00:00,0.72
2014-11-09 16:00:00,1.03
2014-11-09 19:00:00,2.00
2014-11-09 22:00:00,1.01
2014-11-10 01:00:00,0.62
2014-11-10 04:00:00,0.90
2014-11-10 07:00:00,-0.51
2014-11-10 10:00:00,-0.81
2014-11-10 13:00:00,-1.98
2014-11-10 16:00:00,-2.83
2014-11-10 19:00:00,1.37
2014-11-10 22:00:00,-5.40
2014-11-11 01:00:00,-5.36
2014-11-11 04:00:00,-5.16
2014-11-11 07:00:00,-5.95
2014-11-11 10:00:00,-6.03
2014-11-11 13:00:00,-6.46
2014-11-11 16:00:00,-7.50
2014-11-11 19:00:00,-8.36
2014-11-11 22:00:00,-10.35
2014-11-12 01:00:00,-10.92
2014-11-12 04:00:00,-9.75
2014-11-12 07:00:00,-12.18
2014-11-12 10:00:00,-7.85
2014-11-12 13:00:00,-8.57
2014-11-12 16:00:00,-11.04
2014-11-12 19:00:00,-12.14
2014-11-12 22:00:00,-11.75
2014-11-13 01:00:00,-12.69
2014-11-13 04:00:00,-13.20
2014-11-13 07:00:00,-11.96
2014-11-13 10:00:00,-8.52
2014-11-13 13:00:00,-9.30
2014-11-13 16:00:00,-10.94
2014-11-13 19:00:00,-8.98
2014-11-13 22:00:00,-12.19
2014-11-14 01:00:00,-4.26
2014-11-14 04:00:00,-7.21
2014-11-14 07:00:00,-6.52
2014-11-14 10:00:00,-6.89
2014-11-14 13:00:00,-10.13
2014-11-14 16:00:00,-10.62
2014-11-14 19:00:00,-14.13
2014-11-14 22:00:00,-10.76
2014-11-15 01:00:00,-11.86
2014-11-15 04:00:00,-10.05
2014-11-15 07:00:00,-8.21
2014-11-15 10:00:00,-9.74
2014-11-15 13:00:00,-8.68
2014-11-15 16:00:00,-4.26
2014-11-15 19:00:00,-6.03
2014-11-15 22:00:00,-4.24
2014-11-16 01:00:00,-3.34
2014-11-16 04:00:00,-2.04
2014-11-16 07:00:00,-3.30
2014-11-16 10:00:00,-3.17
2014-11-16 13:00:00,-2.44
2014-11-16 16:00:00,-2.54
2014-11-16 19:00:00,-1.46
2014-11-16 22:00:00,-1.50
2014-11-17 01:00:00,-3.48
2014-11-17 04:00:00,1.60
2014-11-17 07:00:00,1.44
2014-11-17 10:00:00,6.03
2014-11-17 13:00:00,6.48
2014-11-17 16:00:00,3.72
2014-11-17 19:00:00,3.72
2014-11-17 22:00:00,4.74
2014-11-18 01:00:00,4.15
2014-11-18 04:00:00,3.21
2014-11-18 07:00:00,2.72
2014-11-18 10:00:00,3.01
2014-11-18 13:00:00,-0.49
2014-11-18 16:00:00,2.07
2014-11-18 19:00:00,-0.66
2014-11-18 22:00:00,-1.51
2014-11-19 01:00:00,-1.60
2014-11-19 04:00:00,0.01
2014-11-19 07:00:00,-0.52
2014-11-19 10:00:00,-0.75
2014-11-19 13:00:00,-5.65
2014-11-19 16:00:00,-1.15
2014-11-19 19:00:00,-1.45
2014-11-19 22:00:00,-2.69
2014-11-20 01:00:00,-3.71
2014-11-20 04:00:00,-2.89
2014-11-20 07:00:00,-4.30
2014-11-20 10:00:00,-2.23
2014-11-20 13:00:00,-4.05
2014-11-20 16:00:00,-6.13
2014-11-20 19:00:00,-0.12
2014-11-20 22:00:00,0.43
2014-11-21 01:00:00,1.54
2014-11-21 04:00:00,1.07
2014-11-21 07:00:00,1.97
2014-11-21 10:00:00,1.35
2014-11-21 13:00:00,1.66
2014-11-21 16:00:00,1.29
2014-11-21 19:00:00,1.09
2014-11-21 22:00:00,0.47
2014-11-22 01:00:00,-0.79
2014-11-22 04:00:00,-5.22
2014-11-22 07:00:00,-4.07
2014-11-22 10:00:00,-4.25
2014-11-22 13:00:00,-5.77
2014-11-22 16:00:00,-7.42
2014-11-22 19:00:00,-9.76
2014-11-22 22:00:00,-7.66
2014-11-23 01:00:00,-8.37
2014-11-23 04:00:00,-10.49
2014-11-23 07:00:00,-6.88
2014-11-23 10:00:00,-5.19
2014-11-23 13:00:00,-5.97
2014-11-23 16:00:00,-8.19
2014-11-23 19:00:00,-7.95
2014-11-23 22:00:00,-10.49
2014-11-24 01:00:00,-9.08
2014-11-24 04:00:00,-6.38
2014-11-24 07:00:00,-5.48
2014-11-24 10:00:00,-6.20
2014-11-24 13:00:00,-5.01
2014-11-24 16:00:00,-5.22
2014-11-24 19:00:00,-5.32
2014-11-24 22:00:00,-4.63
2014-11-25 01:00:00,-4.83
2014-11-25 04:00:00,-4.67
2014-11-25 07:00:00,-4.97
2014-11-25 10:00:00,-5.04
2014-11-25 13:00:00,-5.97
2014-11-25 16:00:00,-0.44
2014-11-25 19:00:00,-3.53
2014-11-25 22:00:00,0.99
2014-11-26 01:00:00,-0.26
2014-11-26 04:00:00,-1.10
2014-11-26 07:00:00,0.07
2014-11-26 10:00:00,0.45
2014-11-26 13:00:00,1.99
2014-11-26 16:00:00,1.78
2014-11-26 19:00:00,3.63
2014-11-26 22:00:00,-2.79
2014-11-27 01:00:00,-2.40
2014-11-27 04:00:00,-3.30
2014-11-27 07:00:00,-0.98
2014-11-27 10:00:00,-4.03
2014-11-27 13:00:00,1.53
2014-11-27 16:00:00,0.88
2014-11-27 19:00:00,0.33
2014-11-27 22:00:00,-0.48
2014-11-28 01:00:00,-0.61
2014-11-28 04:00:00,-0.51
2014-11-28 07:00:00,-1.49
2014-11-28 10:00:00,-1.00
2014-11-28 13:00:00,0.03
2014-11-28 16:00:00,-1.00
2014-11-28 19:00:00,-1.14
2014-11-28 22:00:00,0.91
2014-11-29 01:00:00,0.88
2014-11-29 04:00:00,0.60
2014-11-29 07:00:00,-1.97
2014-11-29 10:00:00,-2.40
2014-11-29 13:00:00,-2.59
2014-11-29 16:00:00,-2.10
2014-11-29 19:00:00,-2.67
2014-11-29 22:00:00,-2.88
2014-11-30 01:00:00,-4.03
2014-11-30 04:00:00,-4.79
2014-11-30 07:00:00,-5.22
2014-11-30 10:00:00,-4.85
2014-11-30 13:00:00,-5.60
2014-11-30 16:00:00,-6.97
2014-11-30 19:00:00,-8.83
2014-11-30 22:00:00,-10.72
2014-12-01 01:00:00,-10.29
2014-12-01 04:00:00,-10.23
2014-12-01 07:00:00,-9.91
2014-12-01 10:00:00,-9.50
2014-12-01 13:00:00,-9.82
2014-12-01 16:00:00,-10.98
2014-12-01 19:00:00,-10.84
2014-12-01 22:00:00,-9.09
2014-12-02 01:00:00,-7.60
2014-12-02 04:00:00,-6.60
2014-12-02 07:00:00,-6.16
2014-12-02 10:00:00,-4.22
2014-12-02 13:00:00,-3.92
2014-12-02 16:00:00,-1.44
2014-12-02 19:00:00,-1.67
2014-12-02 22:00:00,-2.34
2014-12-03 01:00:00,-3.42
2014-12-03 04:00:00,-3.87
2014-12-03 07:00:00,-2.32
2014-12-03 10:00:00,-4.69
2014-12-03 13:00:00,-2.30
2014-12-03 16:00:00,-3.49
2014-12-03 19:00:00,-4.04
2014-12-03 22:00:00,-4.13
2014-12-04 01:00:00,-3.55
2014-12-04 04:00:00,-3.26
2014-12-04 07:00:00,-3.24
2014-12-04 10:00:00,-3.14
2014-12-04 13:00:00,0.54
2014-12-04 16:00:00,1.60
2014-12-04 19:00:00,1.80
2014-12-04 22:00:00,2.13
2014-12-05 01:00:00,1.51
2014-12-05 04:00:00,1.45
2014-12-05 07:00:00,1.66
2014-12-05 10:00:00,1.72
2014-12-05 13:00:00,0.05
2014-12-05 16:00:00,1.48
2014-12-05 19:00:00,1.39
2014-12-05 22:00:00,0.29
2014-12-06 01:00:00,-1.63
2014-12-06 04:00:00,-3.73
2014-12-06 07:00:00,-4.97
2014-12-06 10:00:00,-6.14
2014-12-06 13:00:00,-5.34
2014-12-06 16:00:00,-5.99
2014-12-06 19:00:00,-5.46
2014-12-06 22:00:00,-6.01
2014-12-07 01:00:00,-5.58
2014-12-07 04:00:00,-3.60
2014-12-07 07:00:00,-2.93
2014-12-07 10:00:00,-3.59
2014-12-07 13:00:00,-3.85
2014-12-07 16:00:00,-3.14
2014-12-07 19:00:00,-3.61
2014-12-07 22:00:00,-3.48
2014-12-08 01:00:00,-6.39
2014-12-08 04:00:00,-6.22
2014-12-08 07:00:00,-4.57
2014-12-08 10:00:00,-4.75
2014-12-08 13:00:00,-4.30
2014-12-08 16:00:00,-4.20
2014-12-08 19:00:00,-5.67
2014-12-08 22:00:00,-6.64
2014-12-09 01:00:00,-5.52
2014-12-09 04:00:00,-7.36
2014-12-09 07:00:00,-7.01
2014-12-09 10:00:00,-7.44
2014-12-09 13:00:00,-9.46
2014-12-09 16:00:00,-10.71
2014-12-09 19:00:00,-10.33
2014-12-09 22:00:00,-11.21
2014-12-10 01:00:00,-11.06
2014-12-10 04:00:00,-9.37
2014-12-10 07:00:00,-10.81
2014-12-10 10:00:00,-9.60
2014-12-10 13:00:00,-7.18
2014-12-10 16:00:00,-4.79
2014-12-10 19:00:00,-4.82
2014-12-10 22:00:00,-4.75
2014-12-11 01:00:00,-5.22
2014-12-11 04:00:00,-6.77
2014-12-11 07:00:00,-8.62
2014-12-11 10:00:00,-10.46
2014-12-11 13:00:00,-9.66
2014-12-11 16:00:00,-8.05
2014-12-11 19:00:00,-7.27
2014-12-11 22:00:00,-6.18
2014-12-12 01:00:00,-6.28
2014-12-12 04:00:00,-6.77
2014-12-12 07:00:00,-6.71
2014-12-12 10:00:00,-7.79
2014-12-12 13:00:00,-7.24
2014-12-12 16:00:00,-7.36
2014-12-12 19:00:00,-7.34
2014-12-12 22:00:00,-6.46
2014-12-13 01:00:00,-6.36
2014-12-13 04:00:00,-6.54
2014-12-13 07:00:00,-7.22
2014-12-13 10:00:00,-8.09
2014-12-13 13:00:00,-8.45
2014-12-13 16:00:00,-14.04
2014-12-13 19:00:00,-14.87
2014-12-13 22:00:00,-13.32
2014-12-14 01:00:00,-15.48
2014-12-14 04:00:00,-5.74
2014-12-14 07:00:00,-5.19
2014-12-14 10:00:00,-6.26
2014-12-14 13:00:00,-9.41
2014-12-14 16:00:00,-13.52
2014-12-14 19:00:00,-10.33
2014-12-14 22:00:00,-9.21
2014-12-15 01:00:00,-11.31
2014-12-15 04:00:00,-12.05
2014-12-15 07:00:00,-13.14
2014-12-15 10:00:00,-9.99
2014-12-15 13:00:00,-5.26
2014-12-15 16:00:00,-7.31
2014-12-15 19:00:00,-8.27
2014-12-15 22:00:00,-8.78
2014-12-16 01:00:00,-9.54
2014-12-16 04:00:00,-8.56
2014-12-16 07:00:00,-8.03
2014-12-16 10:00:00,-8.88
2014-12-16 13:00:00,-8.74
2014-12-16 16:00:00,-6.79
2014-12-16 19:00:00,-4.08
2014-12-16 22:00:00,-3.51
2014-12-17 01:00:00,-2.94
2014-12-17 04:00:00,-3.12
2014-12-17 07:00:00,-4.08
2014-12-17 10:00:00,-6.48
2014-12-17 13:00:00,-7.09
2014-12-17 16:00:00,-7.34
2014-12-17 19:00:00,-8.91
2014-12-17 22:00:00,-8.19
2014-12-18 01:00:00,-9.37
2014-12-18 04:00:00,-10.03
2014-12-18 07:00:00,-10.74
2014-12-18 10:00:00,-10.98
2014-12-18 13:00:00,-10.90
2014-12-18 16:00:00,-10.99
2014-12-18 19:00:00,-12.35
2014-12-18 22:00:00,-12.88
2014-12-19 01:00:00,-11.76
2014-12-19 04:00:00,-14.56
2014-12-19 07:00:00,-14.85
2014-12-19 10:00:00,-15.50
2014-12-19 13:00:00,-12.31
2014-12-19 16:00:00,-15.26
2014-12-19 19:00:00,-13.93
2014-12-19 22:00:00,-12.29
2014-12-20 01:00:00,-12.96
2014-12-20 04:00:00,-14.67
2014-12-20 07:00:00,-12.55
2014-12-20 10:00:00,-10.80
2014-12-20 13:00:00,-11.12
2014-12-20 16:00:00,-12.24
2014-12-20 19:00:00,-10.17
2014-12-20 22:00:00,-8.13
2014-12-21 01:00:00,-13.37
2014-12-21 04:00:00,-13.55
2014-12-21 07:00:00,-12.10
2014-12-21 10:00:00,-11.04
2014-12-21 13:00:00,-12.06
2014-12-21 16:00:00,-9.64
2014-12-21 19:00:00,-9.74
2014-12-21 22:00:00,-9.62
2014-12-22 01:00:00,-10.46
2014-12-22 04:00:00,-11.21
2014-12-22 07:00:00,-11.58
2014-12-22 10:00:00,-12.21
2014-12-22 13:00:00,-11.98
2014-12-22 16:00:00,-12.70
2014-12-22 19:00:00,-12.45
2014-12-22 22:00:00,-12.49
2014-12-23 01:00:00,-17.20
2014-12-23 04:00:00,-16.54
2014-12-23 07:00:00,-17.48
2014-12-23 10:00:00,-15.50
2014-12-23 13:00:00,-16.95
2014-12-23 16:00:00,-14.28
2014-12-23 19:00:00,-17.75
2014-12-23 22:00:00,-15.85
2014-12-24 01:00:00,-14.04
2014-12-24 04:00:00,-11.78
2014-12-24 07:00:00,-12.88
2014-12-24 10:00:00,-14.83
2014-12-24 13:00:00,-13.73
2014-12-24 16:00:00,-11.41
2014-12-24 19:00:00,-10.28
2014-12-24 22:00:00,-9.07
2014-12-25 01:00:00,-8.72
2014-12-25 04:00:00,-8.17
2014-12-25 07:00:00,-8.54
2014-12-25 10:00:00,-9.52
2014-12-25 13:00:00,-9.99
2014-12-25 16:00:00,-10.25
2014-12-25 19:00:00,-10.65
2014-12-25 22:00:00,-11.29
2014-12-26 01:00:00,-9.97
2014-12-26 04:00:00,-9.60
2014-12-26 07:00:00,-10.29
2014-12-26 10:00:00,-8.83
2014-12-26 13:00:00,-7.79
2014-12-26 16:00:00,-7.36
2014-12-26 19:00:00,-8.99
2014-12-26 22:00:00,-8.66
2014-12-27 01:00:00,-8.93
2014-12-27 04:00:00,-8.50
2014-12-27 07:00:00,-8.68
2014-12-27 10:00:00,-8.97
2014-12-27 13:00:00,-9.37
2014-12-27 16:00:00,-10.15
2014-12-27 19:00:00,-10.50
2014-12-27 22:00:00,-10.50
2014-12-28 01:00:00,-11.02
2014-12-28 04:00:00,-14.33
2014-12-28 07:00:00,-12.82
2014-12-28 10:00:00,-11.13
2014-12-28 13:00:00,-14.03
2014-12-28 16:00:00,-17.09
2014-12-28 19:00:00,-15.94
2014-12-29 01:00:00,-13.31
2014-12-29 04:00:00,-9.23
2014-12-29 07:00:00,-11.61
2014-12-29 10:00:00,-10.11
2014-12-29 13:00:00,-5.83
2014-12-29 16:00:00,-7.11
2014-12-29 19:00:00,-4.48
2014-12-29 22:00:00,-4.13
2014-12-30 01:00:00,-1.81
2014-12-30 04:00:00,0.23
2014-12-30 07:00:00,0.55
2014-12-30 10:00:00,2.31
2014-12-30 13:00:00,1.64
2014-12-30 16:00:00,2.87
2014-12-30 19:00:00,1.15
2014-12-30 22:00:00,-1.18
2014-12-31 01:00:00,-2.34
2014-12-31 04:00:00,-2.24
2014-12-31 07:00:00,-1.77
2014-12-31 10:00:00,-1.88
2014-12-31 13:00:00,-1.46
2014-12-31 16:00:00,1.02
2014-12-31 19:00:00,1.94
2014-12-31 22:00:00,2.41
